Country,Region,Residence,Ethnicity,SocDem,Version,Ref-ID,Year1,Year2,TypeLT,Sex,e(x),e(x)Orig
USA,0,0,0,0,1,1459.1,1900,1902,4,1,47.89,47.88
USA,0,0,0,0,1,1459.1,1900,1902,4,2,50.71,50.7
USA,0,0,0,0,1,427.1,1900,1900,1,1,46.41,46.41
USA,0,0,0,0,1,427.1,1900,1900,1,2,48.96,48.96
USA,0,0,0,0,1,427.1,1900,1900,2,1,46.41,46.41
USA,0,0,0,0,1,427.1,1900,1900,2,2,48.96,48.96
USA,0,0,0,0,1,427.1,1901,1901,1,1,47.87,47.87
USA,0,0,0,0,1,427.1,1901,1901,1,2,50.87,50.86
USA,0,0,0,0,1,427.1,1901,1901,2,1,47.87,47.87
USA,0,0,0,0,1,427.1,1901,1901,2,2,50.87,50.86
USA,0,0,0,0,1,427.1,1902,1902,1,1,49.02,49.02
USA,0,0,0,0,1,427.1,1902,1902,1,2,52.09,52.08
USA,0,0,0,0,1,427.1,1902,1902,2,1,49.02,49.02
USA,0,0,0,0,1,427.1,1902,1902,2,2,52.09,52.08
USA,0,0,0,0,1,427.1,1903,1903,1,1,49.21,49.2
USA,0,0,0,0,1,427.1,1903,1903,1,2,52.12,52.12
USA,0,0,0,0,1,427.1,1903,1903,2,1,49.21,49.2
USA,0,0,0,0,1,427.1,1903,1903,2,2,52.12,52.12
USA,0,0,0,0,1,427.1,1904,1904,1,1,48.09,48.08
USA,0,0,0,0,1,427.1,1904,1904,1,2,51.1,51.1
USA,0,0,0,0,1,427.1,1904,1904,2,1,48.09,48.08
USA,0,0,0,0,1,427.1,1904,1904,2,2,51.1,51.1
USA,0,0,0,0,1,427.1,1905,1905,1,1,48.74,48.73
USA,0,0,0,0,1,427.1,1905,1905,1,2,51.88,51.88
USA,0,0,0,0,1,427.1,1905,1905,2,1,48.74,48.73
USA,0,0,0,0,1,427.1,1905,1905,2,2,51.88,51.88
USA,0,0,0,0,1,427.1,1906,1906,1,1,48.28,48.27
USA,0,0,0,0,1,427.1,1906,1906,1,2,51.96,51.96
USA,0,0,0,0,1,427.1,1906,1906,2,1,48.28,48.27
USA,0,0,0,0,1,427.1,1906,1906,2,2,51.96,51.96
USA,0,0,0,0,1,427.1,1907,1907,1,1,48.3,48.29
USA,0,0,0,0,1,427.1,1907,1907,1,2,52.22,52.22
USA,0,0,0,0,1,427.1,1907,1907,2,1,48.3,48.29
USA,0,0,0,0,1,427.1,1907,1907,2,2,52.22,52.22
USA,0,0,0,0,1,427.1,1908,1908,1,1,50.22,50.22
USA,0,0,0,0,1,427.1,1908,1908,1,2,53.6,53.59
USA,0,0,0,0,1,427.1,1908,1908,2,1,50.22,50.22
USA,0,0,0,0,1,427.1,1908,1908,2,2,53.6,53.59
USA,0,0,0,0,1,427.1,1909,1909,1,1,51.13,51.12
USA,0,0,0,0,1,427.1,1909,1909,1,2,54.46,54.46
USA,0,0,0,0,1,427.1,1909,1909,2,1,51.13,51.12
USA,0,0,0,0,1,427.1,1909,1909,2,2,54.46,54.46
USA,0,0,0,0,1,427.1,1910,1910,1,1,50.09,50.08
USA,0,0,0,0,1,427.1,1910,1910,1,2,53.59,53.58
USA,0,0,0,0,1,427.1,1910,1910,2,1,50.09,50.08
USA,0,0,0,0,1,427.1,1910,1910,2,2,53.59,53.58
USA,0,0,0,0,1,427.1,1911,1911,1,1,51.8,51.8
USA,0,0,0,0,1,427.1,1911,1911,1,2,55.05,55.05
USA,0,0,0,0,1,427.1,1911,1911,2,1,51.8,51.8
USA,0,0,0,0,1,427.1,1911,1911,2,2,55.05,55.05
USA,0,0,0,0,1,427.1,1912,1912,1,1,52.35,52.34
USA,0,0,0,0,1,427.1,1912,1912,1,2,55.87,55.87
USA,0,0,0,0,1,427.1,1912,1912,2,1,52.35,52.34
USA,0,0,0,0,1,427.1,1912,1912,2,2,55.87,55.87
USA,0,0,0,0,1,427.1,1913,1913,1,1,51.73,51.72
USA,0,0,0,0,1,427.1,1913,1913,1,2,55.45,55.45
USA,0,0,0,0,1,427.1,1913,1913,2,1,51.73,51.72
USA,0,0,0,0,1,427.1,1913,1913,2,2,55.45,55.45
USA,0,0,0,0,1,427.1,1914,1914,1,1,52.88,52.87
USA,0,0,0,0,1,427.1,1914,1914,1,2,56.33,56.33
USA,0,0,0,0,1,427.1,1914,1914,2,1,52.88,52.87
USA,0,0,0,0,1,427.1,1914,1914,2,2,56.33,56.33
USA,0,0,0,0,1,427.1,1915,1915,1,1,53.51,53.51
USA,0,0,0,0,1,427.1,1915,1915,1,2,56.8,56.79
USA,0,0,0,0,1,427.1,1915,1915,2,1,53.51,53.51
USA,0,0,0,0,1,427.1,1915,1915,2,2,56.8,56.79
USA,0,0,0,0,1,427.1,1916,1916,1,1,52.43,52.42
USA,0,0,0,0,1,427.1,1916,1916,1,2,55.99,55.98
USA,0,0,0,0,1,427.1,1916,1916,2,1,52.43,52.42
USA,0,0,0,0,1,427.1,1916,1916,2,2,55.99,55.98
USA,0,0,0,0,1,427.1,1917,1917,1,1,52.19,52.18
USA,0,0,0,0,1,427.1,1917,1917,1,2,55.92,55.91
USA,0,0,0,0,1,427.1,1917,1917,2,1,52.19,52.18
USA,0,0,0,0,1,427.1,1917,1917,2,2,55.92,55.91
USA,0,0,0,0,1,427.1,1918,1918,1,1,45.35,45.34
USA,0,0,0,0,1,427.1,1918,1918,1,2,49.08,49.08
USA,0,0,0,0,1,427.1,1918,1918,2,1,45.35,45.34
USA,0,0,0,0,1,427.1,1918,1918,2,2,49.08,49.08
USA,0,0,0,0,1,427.1,1919,1919,1,1,54.2,54.19
USA,0,0,0,0,1,427.1,1919,1919,1,2,56.45,56.45
USA,0,0,0,0,1,427.1,1919,1919,2,1,54.2,54.19
USA,0,0,0,0,1,427.1,1919,1919,2,2,56.45,56.45
USA,0,0,0,0,1,427.1,1920,1920,1,1,54.51,54.51
USA,0,0,0,0,1,427.1,1920,1920,1,2,56.27,56.27
USA,0,0,0,0,1,427.1,1920,1920,2,1,54.51,54.51
USA,0,0,0,0,1,427.1,1920,1920,2,2,56.27,56.27
USA,0,0,0,0,1,427.1,1921,1921,1,1,57.26,57.25
USA,0,0,0,0,1,427.1,1921,1921,1,2,59.26,59.26
USA,0,0,0,0,1,427.1,1921,1921,2,1,57.26,57.25
USA,0,0,0,0,1,427.1,1921,1921,2,2,59.26,59.26
USA,0,0,0,0,1,427.1,1922,1922,1,1,57.02,57.02
USA,0,0,0,0,1,427.1,1922,1922,1,2,59.33,59.33
USA,0,0,0,0,1,427.1,1922,1922,2,1,57.02,57.02
USA,0,0,0,0,1,427.1,1922,1922,2,2,59.33,59.33
USA,0,0,0,0,1,427.1,1923,1923,1,1,56.32,56.32
USA,0,0,0,0,1,427.1,1923,1923,1,2,58.74,58.74
USA,0,0,0,0,1,427.1,1923,1923,2,1,56.32,56.32
USA,0,0,0,0,1,427.1,1923,1923,2,2,58.74,58.74
USA,0,0,0,0,1,427.1,1924,1924,1,1,57.16,57.15
USA,0,0,0,0,1,427.1,1924,1924,1,2,59.9,59.91
USA,0,0,0,0,1,427.1,1924,1924,2,1,57.16,57.15
USA,0,0,0,0,1,427.1,1924,1924,2,2,59.9,59.91
USA,0,0,0,0,1,427.1,1925,1925,1,1,57.23,57.23
USA,0,0,0,0,1,427.1,1925,1925,1,2,59.93,59.93
USA,0,0,0,0,1,427.1,1925,1925,2,1,57.23,57.23
USA,0,0,0,0,1,427.1,1925,1925,2,2,59.93,59.93
USA,0,0,0,0,1,427.1,1926,1926,1,1,56.57,56.57
USA,0,0,0,0,1,427.1,1926,1926,1,2,59.33,59.33
USA,0,0,0,0,1,427.1,1926,1926,2,1,56.57,56.57
USA,0,0,0,0,1,427.1,1926,1926,2,2,59.33,59.33
USA,0,0,0,0,1,427.1,1927,1927,1,1,57.94,57.94
USA,0,0,0,0,1,427.1,1927,1927,1,2,60.86,60.86
USA,0,0,0,0,1,427.1,1927,1927,2,1,57.94,57.94
USA,0,0,0,0,1,427.1,1927,1927,2,2,60.86,60.86
USA,0,0,0,0,1,427.1,1928,1928,1,1,56.78,56.78
USA,0,0,0,0,1,427.1,1928,1928,1,2,59.82,59.82
USA,0,0,0,0,1,427.1,1928,1928,2,1,56.78,56.78
USA,0,0,0,0,1,427.1,1928,1928,2,2,59.82,59.82
USA,0,0,0,0,1,427.1,1929,1929,1,1,56.99,56.99
USA,0,0,0,0,1,427.1,1929,1929,1,2,60.16,60.16
USA,0,0,0,0,1,427.1,1929,1929,2,1,56.99,56.99
USA,0,0,0,0,1,427.1,1929,1929,2,2,60.16,60.16
USA,0,0,0,0,1,427.1,1930,1930,1,1,57.96,57.96
USA,0,0,0,0,1,427.1,1930,1930,1,2,61.31,61.31
USA,0,0,0,0,1,427.1,1930,1930,2,1,57.96,57.96
USA,0,0,0,0,1,427.1,1930,1930,2,2,61.31,61.31
USA,0,0,0,0,1,427.1,1931,1931,1,1,58.57,58.57
USA,0,0,0,0,1,427.1,1931,1931,1,2,62.02,62.02
USA,0,0,0,0,1,427.1,1931,1931,2,1,58.57,58.57
USA,0,0,0,0,1,427.1,1931,1931,2,2,62.02,62.02
USA,0,0,0,0,1,427.1,1932,1932,1,1,59.45,59.44
USA,0,0,0,0,1,427.1,1932,1932,1,2,62.59,62.59
USA,0,0,0,0,1,427.1,1932,1932,2,1,59.45,59.44
USA,0,0,0,0,1,427.1,1932,1932,2,2,62.59,62.59
USA,0,0,0,0,1,427.1,1933,1933,1,1,59.58,59.58
USA,0,0,0,0,1,427.1,1933,1933,1,2,63.03,63.03
USA,0,0,0,0,1,427.1,1933,1933,2,1,59.58,59.58
USA,0,0,0,0,1,427.1,1933,1933,2,2,63.03,63.03
USA,0,0,0,0,1,427.1,1934,1934,1,1,58.85,58.85
USA,0,0,0,0,1,427.1,1934,1934,1,2,62.68,62.68
USA,0,0,0,0,1,427.1,1934,1934,2,1,58.85,58.85
USA,0,0,0,0,1,427.1,1934,1934,2,2,62.68,62.68
USA,0,0,0,0,1,427.1,1935,1935,1,1,59.42,59.42
USA,0,0,0,0,1,427.1,1935,1935,1,2,63.32,63.32
USA,0,0,0,0,1,427.1,1935,1935,2,1,59.42,59.42
USA,0,0,0,0,1,427.1,1935,1935,2,2,63.32,63.32
USA,0,0,0,0,1,427.1,1936,1936,1,1,58.75,58.75
USA,0,0,0,0,1,427.1,1936,1936,1,2,62.85,62.85
USA,0,0,0,0,1,427.1,1936,1936,2,1,58.75,58.75
USA,0,0,0,0,1,427.1,1936,1936,2,2,62.85,62.85
USA,0,0,0,0,1,427.1,1937,1937,1,1,59.36,59.36
USA,0,0,0,0,1,427.1,1937,1937,1,2,63.58,63.58
USA,0,0,0,0,1,427.1,1937,1937,2,1,59.36,59.36
USA,0,0,0,0,1,427.1,1937,1937,2,2,63.58,63.58
USA,0,0,0,0,1,427.1,1938,1938,1,1,60.82,60.81
USA,0,0,0,0,1,427.1,1938,1938,1,2,64.74,64.74
USA,0,0,0,0,1,427.1,1938,1938,2,1,60.82,60.81
USA,0,0,0,0,1,427.1,1938,1938,2,2,64.74,64.74
USA,0,0,0,0,1,427.1,1939,1939,1,1,61.44,61.44
USA,0,0,0,0,1,427.1,1939,1939,1,2,65.41,65.41
USA,0,0,0,0,1,427.1,1939,1939,2,1,61.44,61.44
USA,0,0,0,0,1,427.1,1939,1939,2,2,65.41,65.41
USA,0,0,0,0,1,427.1,1940,1940,1,1,61.43,61.43
USA,0,0,0,0,1,427.1,1940,1940,1,2,65.74,65.74
USA,0,0,0,0,1,427.1,1940,1940,2,1,61.43,61.43
USA,0,0,0,0,1,427.1,1940,1940,2,2,65.74,65.74
USA,0,0,0,0,1,427.1,1941,1941,1,1,61.9,61.9
USA,0,0,0,0,1,427.1,1941,1941,1,2,66.46,66.46
USA,0,0,0,0,1,427.1,1941,1941,2,1,61.9,61.9
USA,0,0,0,0,1,427.1,1941,1941,2,2,66.46,66.46
USA,0,0,0,0,1,427.1,1942,1942,1,1,62.59,62.58
USA,0,0,0,0,1,427.1,1942,1942,1,2,67.36,67.36
USA,0,0,0,0,1,427.1,1942,1942,2,1,62.59,62.58
USA,0,0,0,0,1,427.1,1942,1942,2,2,67.36,67.36
USA,0,0,0,0,1,427.1,1943,1943,1,1,62.25,62.25
USA,0,0,0,0,1,427.1,1943,1943,1,2,67.1,67.1
USA,0,0,0,0,1,427.1,1943,1943,2,1,62.25,62.25
USA,0,0,0,0,1,427.1,1943,1943,2,2,67.1,67.1
USA,0,0,0,0,1,427.1,1944,1944,1,1,62.68,62.68
USA,0,0,0,0,1,427.1,1944,1944,1,2,67.82,67.82
USA,0,0,0,0,1,427.1,1944,1944,2,1,62.68,62.68
USA,0,0,0,0,1,427.1,1944,1944,2,2,67.82,67.82
USA,0,0,0,0,1,427.1,1945,1945,1,1,62.87,62.87
USA,0,0,0,0,1,427.1,1945,1945,1,2,68.44,68.44
USA,0,0,0,0,1,427.1,1945,1945,2,1,62.87,62.87
USA,0,0,0,0,1,427.1,1945,1945,2,2,68.44,68.44
USA,0,0,0,0,1,427.1,1946,1946,1,1,64.26,64.25
USA,0,0,0,0,1,427.1,1946,1946,1,2,69.21,69.21
USA,0,0,0,0,1,427.1,1946,1946,2,1,64.26,64.25
USA,0,0,0,0,1,427.1,1946,1946,2,2,69.21,69.21
USA,0,0,0,0,1,427.1,1947,1947,1,1,64.57,64.57
USA,0,0,0,0,1,427.1,1947,1947,1,2,69.68,69.68
USA,0,0,0,0,1,427.1,1947,1947,2,1,64.57,64.57
USA,0,0,0,0,1,427.1,1947,1947,2,2,69.68,69.68
USA,0,0,0,0,1,427.1,1948,1948,1,1,64.84,64.84
USA,0,0,0,0,1,427.1,1948,1948,1,2,70.16,70.16
USA,0,0,0,0,1,427.1,1948,1948,2,1,64.84,64.84
USA,0,0,0,0,1,427.1,1948,1948,2,2,70.16,70.16
USA,0,0,0,0,1,427.1,1949,1949,1,1,65.27,65.26
USA,0,0,0,0,1,427.1,1949,1949,1,2,70.66,70.66
USA,0,0,0,0,1,427.1,1949,1949,2,1,65.27,65.26
USA,0,0,0,0,1,427.1,1949,1949,2,2,70.66,70.66
USA,0,0,0,0,1,427.1,1950,1950,1,1,65.63,65.63
USA,0,0,0,0,1,427.1,1950,1950,1,2,71.13,71.13
USA,0,0,0,0,1,427.1,1950,1950,2,1,65.63,65.63
USA,0,0,0,0,1,427.1,1950,1950,2,2,71.13,71.13
USA,0,0,0,0,1,427.1,1951,1951,1,1,65.66,65.66
USA,0,0,0,0,1,427.1,1951,1951,1,2,71.36,71.36
USA,0,0,0,0,1,427.1,1951,1951,2,1,65.66,65.66
USA,0,0,0,0,1,427.1,1951,1951,2,2,71.36,71.36
USA,0,0,0,0,1,427.1,1952,1952,1,1,65.78,65.78
USA,0,0,0,0,1,427.1,1952,1952,1,2,71.62,71.62
USA,0,0,0,0,1,427.1,1952,1952,2,1,65.78,65.78
USA,0,0,0,0,1,427.1,1952,1952,2,2,71.62,71.62
USA,0,0,0,0,1,427.1,1953,1953,1,1,65.98,65.98
USA,0,0,0,0,1,427.1,1953,1953,1,2,71.98,71.98
USA,0,0,0,0,1,427.1,1953,1953,2,1,65.98,65.98
USA,0,0,0,0,1,427.1,1953,1953,2,2,71.98,71.98
USA,0,0,0,0,1,427.1,1954,1954,1,1,66.74,66.74
USA,0,0,0,0,1,427.1,1954,1954,1,2,72.74,72.75
USA,0,0,0,0,1,427.1,1954,1954,2,1,66.74,66.74
USA,0,0,0,0,1,427.1,1954,1954,2,2,72.74,72.75
USA,0,0,0,0,1,427.1,1955,1955,1,1,66.72,66.72
USA,0,0,0,0,1,427.1,1955,1955,1,2,72.81,72.81
USA,0,0,0,0,1,427.1,1955,1955,2,1,66.72,66.72
USA,0,0,0,0,1,427.1,1955,1955,2,2,72.81,72.81
USA,0,0,0,0,1,427.1,1956,1956,1,1,66.73,66.73
USA,0,0,0,0,1,427.1,1956,1956,1,2,72.94,72.94
USA,0,0,0,0,1,427.1,1956,1956,2,1,66.73,66.73
USA,0,0,0,0,1,427.1,1956,1956,2,2,72.94,72.94
USA,0,0,0,0,1,427.1,1957,1957,1,1,66.47,66.47
USA,0,0,0,0,1,427.1,1957,1957,1,2,72.73,72.73
USA,0,0,0,0,1,427.1,1957,1957,2,1,66.47,66.47
USA,0,0,0,0,1,427.1,1957,1957,2,2,72.73,72.73
USA,0,0,0,0,1,427.1,1958,1958,1,1,66.64,66.64
USA,0,0,0,0,1,427.1,1958,1958,1,2,72.92,72.92
USA,0,0,0,0,1,427.1,1958,1958,2,1,66.64,66.64
USA,0,0,0,0,1,427.1,1958,1958,2,2,72.92,72.92
USA,0,0,0,0,1,427.1,1959,1959,1,1,66.8,66.8
USA,0,0,0,0,1,427.1,1959,1959,1,2,73.24,73.24
USA,0,0,0,0,1,427.1,1959,1959,2,1,66.8,66.8
USA,0,0,0,0,1,427.1,1959,1959,2,2,73.24,73.24
USA,0,0,0,0,1,427.1,1960,1960,1,1,66.66,66.66
USA,0,0,0,0,1,427.1,1960,1960,1,2,73.24,73.24
USA,0,0,0,0,1,427.1,1960,1960,2,1,66.66,66.66
USA,0,0,0,0,1,427.1,1960,1960,2,2,73.24,73.24
USA,0,0,0,0,1,427.1,1961,1961,1,1,67.07,67.07
USA,0,0,0,0,1,427.1,1961,1961,1,2,73.63,73.63
USA,0,0,0,0,1,427.1,1961,1961,2,1,67.07,67.07
USA,0,0,0,0,1,427.1,1961,1961,2,2,73.63,73.63
USA,0,0,0,0,1,427.1,1962,1962,1,1,66.89,66.89
USA,0,0,0,0,1,427.1,1962,1962,1,2,73.5,73.5
USA,0,0,0,0,1,427.1,1962,1962,2,1,66.89,66.89
USA,0,0,0,0,1,427.1,1962,1962,2,2,73.5,73.5
USA,0,0,0,0,1,427.1,1963,1963,1,1,66.64,66.64
USA,0,0,0,0,1,427.1,1963,1963,1,2,73.42,73.42
USA,0,0,0,0,1,427.1,1963,1963,2,1,66.64,66.64
USA,0,0,0,0,1,427.1,1963,1963,2,2,73.42,73.42
USA,0,0,0,0,1,427.1,1964,1964,1,1,66.84,66.84
USA,0,0,0,0,1,427.1,1964,1964,1,2,73.74,73.74
USA,0,0,0,0,1,427.1,1964,1964,2,1,66.84,66.84
USA,0,0,0,0,1,427.1,1964,1964,2,2,73.74,73.74
USA,0,0,0,0,1,427.1,1965,1965,1,1,66.79,66.79
USA,0,0,0,0,1,427.1,1965,1965,1,2,73.84,73.84
USA,0,0,0,0,1,427.1,1965,1965,2,1,66.79,66.79
USA,0,0,0,0,1,427.1,1965,1965,2,2,73.84,73.84
USA,0,0,0,0,1,427.1,1966,1966,1,1,66.69,66.69
USA,0,0,0,0,1,427.1,1966,1966,1,2,73.9,73.9
USA,0,0,0,0,1,427.1,1966,1966,2,1,66.69,66.69
USA,0,0,0,0,1,427.1,1966,1966,2,2,73.9,73.9
USA,0,0,0,0,1,427.1,1967,1967,1,1,66.95,66.95
USA,0,0,0,0,1,427.1,1967,1967,1,2,74.29,74.29
USA,0,0,0,0,1,427.1,1967,1967,2,1,66.95,66.95
USA,0,0,0,0,1,427.1,1967,1967,2,2,74.29,74.29
USA,0,0,0,0,1,427.1,1968,1968,1,1,66.61,66.61
USA,0,0,0,0,1,427.1,1968,1968,1,2,74.21,74.21
USA,0,0,0,0,1,427.1,1968,1968,2,1,66.61,66.61
USA,0,0,0,0,1,427.1,1968,1968,2,2,74.21,74.21
USA,0,0,0,0,1,427.1,1969,1969,1,1,66.88,66.88
USA,0,0,0,0,1,427.1,1969,1969,1,2,74.59,74.59
USA,0,0,0,0,1,427.1,1969,1969,2,1,66.88,66.88
USA,0,0,0,0,1,427.1,1969,1969,2,2,74.59,74.59
USA,0,0,0,0,1,427.1,1970,1970,1,1,67.15,67.15
USA,0,0,0,0,1,427.1,1970,1970,1,2,74.86,74.86
USA,0,0,0,0,1,427.1,1970,1970,2,1,67.15,67.15
USA,0,0,0,0,1,427.1,1970,1970,2,2,74.86,74.86
USA,0,0,0,0,1,427.1,1971,1971,1,1,67.4,67.4
USA,0,0,0,0,1,427.1,1971,1971,1,2,75.06,75.06
USA,0,0,0,0,1,427.1,1971,1971,2,1,67.4,67.4
USA,0,0,0,0,1,427.1,1971,1971,2,2,75.06,75.06
USA,0,0,0,0,1,427.1,1972,1972,1,1,67.42,67.42
USA,0,0,0,0,1,427.1,1972,1972,1,2,75.22,75.22
USA,0,0,0,0,1,427.1,1972,1972,2,1,67.42,67.42
USA,0,0,0,0,1,427.1,1972,1972,2,2,75.22,75.22
USA,0,0,0,0,1,427.1,1973,1973,1,1,67.64,67.64
USA,0,0,0,0,1,427.1,1973,1973,1,2,75.47,75.47
USA,0,0,0,0,1,427.1,1973,1973,2,1,67.64,67.64
USA,0,0,0,0,1,427.1,1973,1973,2,2,75.47,75.47
USA,0,0,0,0,1,427.1,1974,1974,1,1,68.27,68.27
USA,0,0,0,0,1,427.1,1974,1974,1,2,76.02,76.02
USA,0,0,0,0,1,427.1,1974,1974,2,1,68.27,68.27
USA,0,0,0,0,1,427.1,1974,1974,2,2,76.02,76.02
USA,0,0,0,0,1,427.1,1975,1975,1,1,68.74,68.74
USA,0,0,0,0,1,427.1,1975,1975,1,2,76.55,76.55
USA,0,0,0,0,1,427.1,1975,1975,2,1,68.74,68.74
USA,0,0,0,0,1,427.1,1975,1975,2,2,76.55,76.55
USA,0,0,0,0,1,427.1,1976,1976,1,1,69.08,69.08
USA,0,0,0,0,1,427.1,1976,1976,1,2,76.77,76.77
USA,0,0,0,0,1,427.1,1976,1976,2,1,69.08,69.08
USA,0,0,0,0,1,427.1,1976,1976,2,2,76.77,76.77
USA,0,0,0,0,1,427.1,1977,1977,1,1,69.4,69.4
USA,0,0,0,0,1,427.1,1977,1977,1,2,77.16,77.16
USA,0,0,0,0,1,427.1,1977,1977,2,1,69.4,69.4
USA,0,0,0,0,1,427.1,1977,1977,2,2,77.16,77.16
USA,0,0,0,0,1,427.1,1978,1978,1,1,69.57,69.57
USA,0,0,0,0,1,427.1,1978,1978,1,2,77.25,77.25
USA,0,0,0,0,1,427.1,1978,1978,2,1,69.57,69.57
USA,0,0,0,0,1,427.1,1978,1978,2,2,77.25,77.25
USA,0,0,0,0,1,427.1,1979,1979,1,1,69.96,69.96
USA,0,0,0,0,1,427.1,1979,1979,1,2,77.7,77.71
USA,0,0,0,0,1,427.1,1979,1979,2,1,69.96,69.96
USA,0,0,0,0,1,427.1,1979,1979,2,2,77.7,77.71
USA,0,0,0,0,1,427.1,1980,1980,1,1,69.94,69.94
USA,0,0,0,0,1,427.1,1980,1980,1,2,77.52,77.52
USA,0,0,0,0,1,427.1,1980,1980,2,1,69.94,69.94
USA,0,0,0,0,1,427.1,1980,1980,2,2,77.52,77.52
USA,0,0,0,0,1,427.1,1981,1981,1,1,70.37,70.37
USA,0,0,0,0,1,427.1,1981,1981,1,2,77.85,77.85
USA,0,0,0,0,1,427.1,1981,1981,2,1,70.37,70.37
USA,0,0,0,0,1,427.1,1981,1981,2,2,77.85,77.85
USA,0,0,0,0,1,427.1,1982,1982,1,1,70.83,70.83
USA,0,0,0,0,1,427.1,1982,1982,1,2,78.2,78.2
USA,0,0,0,0,1,427.1,1982,1982,2,1,70.83,70.83
USA,0,0,0,0,1,427.1,1982,1982,2,2,78.2,78.2
USA,0,0,0,0,1,427.1,1983,1983,1,1,70.92,70.92
USA,0,0,0,0,1,427.1,1983,1983,1,2,78.12,78.12
USA,0,0,0,0,1,427.1,1983,1983,2,1,70.92,70.92
USA,0,0,0,0,1,427.1,1983,1983,2,2,78.12,78.12
USA,0,0,0,0,1,427.1,1984,1984,1,1,71.08,71.08
USA,0,0,0,0,1,427.1,1984,1984,1,2,78.2,78.2
USA,0,0,0,0,1,427.1,1984,1984,2,1,71.08,71.08
USA,0,0,0,0,1,427.1,1984,1984,2,2,78.2,78.2
USA,0,0,0,0,1,427.1,1985,1985,1,1,71.06,71.06
USA,0,0,0,0,1,427.1,1985,1985,1,2,78.22,78.22
USA,0,0,0,0,1,427.1,1985,1985,2,1,71.06,71.06
USA,0,0,0,0,1,427.1,1985,1985,2,2,78.22,78.22
USA,0,0,0,0,1,427.1,1986,1986,1,1,71.12,71.12
USA,0,0,0,0,1,427.1,1986,1986,1,2,78.3,78.3
USA,0,0,0,0,1,427.1,1986,1986,2,1,71.12,71.12
USA,0,0,0,0,1,427.1,1986,1986,2,2,78.3,78.3
USA,0,0,0,0,1,427.1,1987,1987,1,1,71.3,71.3
USA,0,0,0,0,1,427.1,1987,1987,1,2,78.39,78.39
USA,0,0,0,0,1,427.1,1987,1987,2,1,71.3,71.3
USA,0,0,0,0,1,427.1,1987,1987,2,2,78.39,78.39
USA,0,0,0,0,1,427.1,1988,1988,1,1,71.24,71.24
USA,0,0,0,0,1,427.1,1988,1988,1,2,78.33,78.33
USA,0,0,0,0,1,427.1,1988,1988,2,1,71.24,71.24
USA,0,0,0,0,1,427.1,1988,1988,2,2,78.33,78.33
USA,0,0,0,0,1,427.1,1989,1989,1,1,71.54,71.54
USA,0,0,0,0,1,427.1,1989,1989,1,2,78.59,78.59
USA,0,0,0,0,1,427.1,1989,1989,2,1,71.54,71.54
USA,0,0,0,0,1,427.1,1989,1989,2,2,78.59,78.59
USA,0,0,0,0,1,427.1,1990,1990,1,1,71.77,71.77
USA,0,0,0,0,1,427.1,1990,1990,1,2,78.86,78.86
USA,0,0,0,0,1,427.1,1990,1990,2,1,71.77,71.77
USA,0,0,0,0,1,427.1,1990,1990,2,2,78.86,78.86
USA,0,0,0,0,1,427.1,1991,1991,1,1,71.94,71.94
USA,0,0,0,0,1,427.1,1991,1991,1,2,78.99,78.99
USA,0,0,0,0,1,427.1,1991,1991,2,1,71.94,71.94
USA,0,0,0,0,1,427.1,1991,1991,2,2,78.99,78.99
USA,0,0,0,0,1,427.1,1992,1992,1,1,72.17,72.17
USA,0,0,0,0,1,427.1,1992,1992,1,2,79.16,79.16
USA,0,0,0,0,1,427.1,1992,1992,2,1,72.17,72.17
USA,0,0,0,0,1,427.1,1992,1992,2,2,79.16,79.16
USA,0,0,0,0,1,427.1,1993,1993,1,1,71.98,71.98
USA,0,0,0,0,1,427.1,1993,1993,1,2,78.89,78.89
USA,0,0,0,0,1,427.1,1993,1993,2,1,71.98,71.98
USA,0,0,0,0,1,427.1,1993,1993,2,2,78.89,78.89
USA,0,0,0,0,1,427.1,1994,1994,1,1,72.19,72.19
USA,0,0,0,0,1,427.1,1994,1994,1,2,79,79
USA,0,0,0,0,1,427.1,1994,1994,2,1,72.19,72.19
USA,0,0,0,0,1,427.1,1994,1994,2,2,79,79
USA,0,0,0,0,1,427.1,1995,1995,1,1,72.35,72.35
USA,0,0,0,0,1,427.1,1995,1995,1,2,79,79
USA,0,0,0,0,1,427.1,1995,1995,2,1,72.35,72.35
USA,0,0,0,0,1,427.1,1995,1995,2,2,79,79
USA,0,0,0,0,1,427.1,1996,1996,1,1,72.81,72.81
USA,0,0,0,0,1,427.1,1996,1996,1,2,79.12,79.12
USA,0,0,0,0,1,427.1,1996,1996,2,1,72.81,72.81
USA,0,0,0,0,1,427.1,1996,1996,2,2,79.12,79.12
USA,0,0,0,0,1,427.1,1997,1997,1,1,73.27,73.27
USA,0,0,0,0,1,427.1,1997,1997,1,2,79.26,79.26
USA,0,0,0,0,1,427.1,1997,1997,2,1,73.27,73.27
USA,0,0,0,0,1,427.1,1997,1997,2,2,79.26,79.26
USA,0,0,0,0,1,427.1,1998,1998,1,1,73.53,73.53
USA,0,0,0,0,1,427.1,1998,1998,1,2,79.31,79.31
USA,0,0,0,0,1,427.1,1998,1998,2,1,73.53,73.53
USA,0,0,0,0,1,427.1,1998,1998,2,2,79.31,79.31
USA,0,0,0,0,1,427.1,1999,1999,1,1,73.62,73.63
USA,0,0,0,0,1,427.1,1999,1999,1,2,79.22,79.22
USA,0,0,0,0,1,427.1,1999,1999,2,1,73.62,73.63
USA,0,0,0,0,1,427.1,1999,1999,2,2,79.22,79.22
USA,0,0,0,0,1,1459.2,1909,1911,4,1,49.89,49.86
USA,0,0,0,0,1,1459.2,1909,1911,4,2,53.26,53.24
USA,0,0,0,0,1,682.67,1919,1921,4,1,54.43,54.49
USA,0,0,0,0,1,682.67,1919,1921,4,2,56.36,56.41
USA,0,0,0,0,1,682.67,1924,1926,4,1,56.39,56.34
USA,0,0,0,0,1,682.67,1924,1926,4,2,59.1,59.01
USA,0,0,0,0,1,682.67,1929,1931,4,1,57.22,57.27
USA,0,0,0,0,1,682.67,1929,1931,4,2,60.6,60.67
USA,0,0,0,0,1,682.67,1934,1936,4,1,58.56,58.53
USA,0,0,0,0,1,682.67,1934,1936,4,2,62.64,62.58
USA,0,0,0,0,1,682.67,1939,1941,4,1,61.07,61.14
USA,0,0,0,0,1,682.67,1939,1941,4,2,65.45,65.58
USA,0,0,0,0,1,682.67,1944,1946,4,1,62.17,62.26
USA,0,0,0,0,1,682.67,1944,1946,4,2,67.97,68.11
USA,0,0,0,0,1,682.67,1949,1951,4,1,65.12,65.28
USA,0,0,0,0,1,682.67,1949,1951,4,2,70.6,70.86
USA,0,0,0,0,1,682.67,1954,1956,4,1,66.24,66.45
USA,0,0,0,0,1,682.67,1954,1956,4,2,72.3,72.61
USA,0,0,0,0,1,682.67,1959,1961,4,1,66.67,66.84
USA,0,0,0,0,1,682.67,1959,1961,4,2,73.09,73.4
USA,0,0,0,0,1,682.67,1962,1962,4,1,66.8,66.93
USA,0,0,0,0,1,682.67,1962,1962,4,2,73.27,73.52
USA,0,0,0,0,1,682.67,1963,1963,4,1,66.56,66.68
USA,0,0,0,0,1,682.67,1963,1963,4,2,73.2,73.42
USA,0,0,0,0,1,682.67,1964,1964,4,1,66.74,66.9
USA,0,0,0,0,1,682.67,1964,1964,4,2,73.46,73.72
USA,0,0,0,0,1,682.67,1965,1965,4,1,66.72,66.87
USA,0,0,0,0,1,682.67,1965,1965,4,2,73.57,73.83
USA,0,0,0,0,1,1459.3,1939,1941,4,1,61.6,61.6
USA,0,0,0,0,1,1459.3,1939,1941,4,2,65.89,65.89
USA,0,0,0,0,1,1832.01,1939,1941,1,1,61.6,61.6
USA,0,0,0,0,1,1832.01,1939,1941,1,2,65.89,65.89
USA,0,0,0,0,1,1832.01,1939,1941,2,1,61.6,61.6
USA,0,0,0,0,1,1832.01,1939,1941,2,2,65.89,65.89
USA,0,0,0,0,1,1833.01,1949,1951,1,1,65.47,65.47
USA,0,0,0,0,1,1833.01,1949,1951,1,2,70.96,70.96
USA,0,0,0,0,1,1833.01,1949,1951,2,1,65.47,65.47
USA,0,0,0,0,1,1833.01,1949,1951,2,2,70.96,70.96
USA,0,0,0,0,1,1459.4,1959,1961,4,1,66.8,66.8
USA,0,0,0,0,1,1459.4,1959,1961,4,2,73.24,73.24
USA,0,0,0,0,1,1834.01,1959,1961,1,1,66.8,66.8
USA,0,0,0,0,1,1834.01,1959,1961,1,2,73.24,73.24
USA,0,0,0,0,1,1834.01,1959,1961,2,1,66.8,66.8
USA,0,0,0,0,1,1834.01,1959,1961,2,2,73.24,73.24
USA,0,0,0,0,1,1835.01,1969,1971,1,1,67.04,67.04
USA,0,0,0,0,1,1835.01,1969,1971,1,2,74.64,74.64
USA,0,0,0,0,1,1835.01,1969,1971,2,1,67.04,67.04
USA,0,0,0,0,1,1835.01,1969,1971,2,2,74.64,74.64
USA,0,0,0,0,1,1838.01,1979,1979,1,1,69.59,69.9
USA,0,0,0,0,1,1838.01,1979,1979,1,2,76.88,77.64
USA,0,0,0,0,1,1838.01,1979,1979,2,1,69.59,69.9
USA,0,0,0,0,1,1838.01,1979,1979,2,2,76.88,77.64
USA,0,0,0,0,1,1836.01,1979,1981,1,1,70.11,70.11
USA,0,0,0,0,1,1836.01,1979,1981,1,2,77.62,77.62
USA,0,0,0,0,1,1836.01,1979,1981,2,1,70.11,70.11
USA,0,0,0,0,1,1836.01,1979,1981,2,2,77.62,77.62
USA,0,0,0,0,1,1839.01,1981,1981,1,1,70.2,70.44
USA,0,0,0,0,1,1839.01,1981,1981,1,2,77.34,77.9
USA,0,0,0,0,1,1839.01,1981,1981,2,1,70.2,70.44
USA,0,0,0,0,1,1839.01,1981,1981,2,2,77.34,77.9
USA,0,0,0,0,1,1837.01,1989,1991,1,1,71.83,71.83
USA,0,0,0,0,1,1837.01,1989,1991,1,2,78.81,78.81
USA,0,0,0,0,1,1837.01,1989,1991,2,1,71.83,71.83
USA,0,0,0,0,1,1837.01,1989,1991,2,2,78.81,78.81
USA,0,0,0,0,1,1460.1,1999,2001,1,1,74.09,74.1
USA,0,0,0,0,1,1460.1,1999,2001,1,2,79.45,79.46
USA,0,0,0,0,1,1460.1,1999,2001,2,1,74.09,74.1
USA,0,0,0,0,1,1460.1,1999,2001,2,2,79.45,79.46
USA,0,0,0,0,1,21.3,2000,2000,1,1,74.13,74.14
USA,0,0,0,0,1,21.3,2000,2000,1,2,79.46,79.48
USA,0,0,0,0,1,21.3,2000,2000,2,1,74.13,74.14
USA,0,0,0,0,1,21.3,2000,2000,2,2,79.46,79.48
USA,0,0,0,0,2,980.03,2000,2000,1,1,74.06,74.07
USA,0,0,0,0,2,980.03,2000,2000,1,2,79.34,79.35
USA,0,0,0,0,2,980.03,2000,2000,2,1,74.06,74.07
USA,0,0,0,0,2,980.03,2000,2000,2,2,79.34,79.35
USA,0,0,0,0,1,22.3,2001,2001,1,1,74.43,74.43
USA,0,0,0,0,1,22.3,2001,2001,1,2,79.75,79.77
USA,0,0,0,0,1,22.3,2001,2001,2,1,74.43,74.43
USA,0,0,0,0,1,22.3,2001,2001,2,2,79.75,79.77
USA,0,0,0,0,1,23.2,2002,2002,1,1,74.53,74.54
USA,0,0,0,0,1,23.2,2002,2002,1,2,79.83,79.85
USA,0,0,0,0,1,23.2,2002,2002,2,1,74.53,74.54
USA,0,0,0,0,1,23.2,2002,2002,2,2,79.83,79.85
USA,0,0,0,0,1,24.3,2003,2003,1,1,74.73,74.74
USA,0,0,0,0,1,24.3,2003,2003,1,2,80,80.01
USA,0,0,0,0,1,24.3,2003,2003,2,1,74.73,74.74
USA,0,0,0,0,1,24.3,2003,2003,2,2,80,80.01
USA,0,0,0,0,1,25.1,2004,2004,1,1,75.17,75.17
USA,0,0,0,0,1,25.1,2004,2004,1,2,80.36,80.38
USA,0,0,0,0,1,25.1,2004,2004,2,1,75.17,75.17
USA,0,0,0,0,1,25.1,2004,2004,2,2,80.36,80.38
USA,0,0,0,0,1,981.1,2005,2005,1,1,74.85,74.86
USA,0,0,0,0,1,981.1,2005,2005,1,2,79.93,79.94
USA,0,0,0,0,1,981.1,2005,2005,2,1,74.85,74.86
USA,0,0,0,0,1,981.1,2005,2005,2,2,79.93,79.94
USA,0,0,0,0,1,1463.1,2006,2006,1,1,75.12,75.13
USA,0,0,0,0,1,1463.1,2006,2006,1,2,80.19,80.2
USA,0,0,0,0,1,1463.1,2006,2006,2,1,75.12,75.13
USA,0,0,0,0,1,1463.1,2006,2006,2,2,80.19,80.2
USA,0,0,0,0,1,1610.01,2007,2007,1,1,75.37,75.38
USA,0,0,0,0,1,1610.01,2007,2007,1,2,80.4,80.41
USA,0,0,0,0,1,1610.01,2007,2007,2,1,75.37,75.38
USA,0,0,0,0,1,1610.01,2007,2007,2,2,80.4,80.41
USA,0,0,0,0,1,1610.07,2008,2008,1,1,75.59,75.6
USA,0,0,0,0,1,1610.07,2008,2008,1,2,80.56,80.57
USA,0,0,0,0,1,1610.07,2008,2008,2,1,75.59,75.6
USA,0,0,0,0,1,1610.07,2008,2008,2,2,80.56,80.57
USA,0,0,0,0,1,1681.01,2009,2009,1,1,75.96,75.96
USA,0,0,0,0,1,1681.01,2009,2009,1,2,80.88,80.89
USA,0,0,0,0,1,1681.01,2009,2009,2,1,75.96,75.96
USA,0,0,0,0,1,1681.01,2009,2009,2,2,80.88,80.89
USA,0,0,0,0,1,1707.01,2010,2010,1,1,76.19,76.2
USA,0,0,0,0,1,1707.01,2010,2010,1,2,81.03,81.04
USA,0,0,0,0,1,1707.01,2010,2010,2,1,76.19,76.2
USA,0,0,0,0,1,1707.01,2010,2010,2,2,81.03,81.04
USA,0,0,0,0,1,1884.01,2011,2011,1,1,76.29,76.29
USA,0,0,0,0,1,1884.01,2011,2011,1,2,81.04,81.05
USA,0,0,0,0,1,1884.01,2011,2011,2,1,76.29,76.29
USA,0,0,0,0,1,1884.01,2011,2011,2,2,81.04,81.05
USA,0,0,0,0,1,3560.07,2012,2012,1,1,76.41,76.42
USA,0,0,0,0,1,3560.07,2012,2012,1,2,81.16,81.17
USA,0,0,0,0,1,3560.07,2012,2012,2,1,76.41,76.42
USA,0,0,0,0,1,3560.07,2012,2012,2,2,81.16,81.17
USA,0,0,0,0,1,3560.13,2013,2013,1,1,76.41,76.42
USA,0,0,0,0,1,3560.13,2013,2013,1,2,81.17,81.18
USA,0,0,0,0,1,3560.13,2013,2013,2,1,76.41,76.42
USA,0,0,0,0,1,3560.13,2013,2013,2,2,81.17,81.18
USA,0,0,0,0,1,3560.19,2014,2014,1,1,76.47,76.47
USA,0,0,0,0,1,3560.19,2014,2014,1,2,81.24,81.25
USA,0,0,0,0,1,3560.19,2014,2014,2,1,76.47,76.47
USA,0,0,0,0,1,3560.19,2014,2014,2,2,81.24,81.25
USA,0,0,0,0,1,3560.26,2015,2015,1,1,76.29,76.3
USA,0,0,0,0,1,3560.26,2015,2015,1,2,81.1,81.11
USA,0,0,0,0,1,3560.26,2015,2015,2,1,76.29,76.3
USA,0,0,0,0,1,3560.26,2015,2015,2,2,81.1,81.11
USA,0,0,0,0,1,3561.01,2016,2016,1,1,76.1,76.1
USA,0,0,0,0,1,3561.01,2016,2016,1,2,81.1,81.11
USA,0,0,0,0,1,3561.01,2016,2016,2,1,76.1,76.1
USA,0,0,0,0,1,3561.01,2016,2016,2,2,81.1,81.11
USA,0,0,0,0,1,3562.01,2017,2017,1,1,76.1,76.1
USA,0,0,0,0,1,3562.01,2017,2017,1,2,81.1,81.1
USA,0,0,0,0,1,3562.01,2017,2017,2,1,76.1,76.1
USA,0,0,0,0,1,3562.01,2017,2017,2,2,81.1,81.1
USA,0,0,0,0,1,3563.01,2018,2018,1,1,76.22,76.22
USA,0,0,0,0,1,3563.01,2018,2018,1,2,81.24,81.25
USA,0,0,0,0,1,3563.01,2018,2018,2,1,76.22,76.22
USA,0,0,0,0,1,3563.01,2018,2018,2,2,81.24,81.25
USA,10,0,0,0,1,3564.01,2018,2018,1,1,72.11,72.11
USA,10,0,0,0,1,3564.01,2018,2018,1,2,77.97,77.98
USA,10,0,0,0,1,3564.01,2018,2018,2,1,72.11,72.11
USA,10,0,0,0,1,3564.01,2018,2018,2,2,77.97,77.98
USA,20,0,0,0,1,3564.02,2018,2018,1,1,75.96,75.96
USA,20,0,0,0,1,3564.02,2018,2018,1,2,80.2,80.21
USA,20,0,0,0,1,3564.02,2018,2018,2,1,75.96,75.96
USA,20,0,0,0,1,3564.02,2018,2018,2,2,80.2,80.21
USA,30,0,0,0,1,3564.03,2018,2018,1,1,75.95,75.95
USA,30,0,0,0,1,3564.03,2018,2018,1,2,81.47,81.48
USA,30,0,0,0,1,3564.03,2018,2018,2,1,75.95,75.95
USA,30,0,0,0,1,3564.03,2018,2018,2,2,81.47,81.48
USA,40,0,0,0,1,3564.04,2018,2018,1,1,73.02,73.02
USA,40,0,0,0,1,3564.04,2018,2018,1,2,78.21,78.22
USA,40,0,0,0,1,3564.04,2018,2018,2,1,73.02,73.02
USA,40,0,0,0,1,3564.04,2018,2018,2,2,78.21,78.22
USA,50,0,0,0,1,3564.05,2018,2018,1,1,78.4,78.41
USA,50,0,0,0,1,3564.05,2018,2018,1,2,83.11,83.12
USA,50,0,0,0,1,3564.05,2018,2018,2,1,78.4,78.41
USA,50,0,0,0,1,3564.05,2018,2018,2,2,83.11,83.12
USA,60,0,0,0,1,3564.06,2018,2018,1,1,77.68,77.68
USA,60,0,0,0,1,3564.06,2018,2018,1,2,82.29,82.29
USA,60,0,0,0,1,3564.06,2018,2018,2,1,77.68,77.68
USA,60,0,0,0,1,3564.06,2018,2018,2,2,82.29,82.29
USA,70,0,0,0,1,3564.07,2018,2018,1,1,77.9,77.91
USA,70,0,0,0,1,3564.07,2018,2018,1,2,82.85,82.86
USA,70,0,0,0,1,3564.07,2018,2018,2,1,77.9,77.91
USA,70,0,0,0,1,3564.07,2018,2018,2,2,82.85,82.86
USA,80,0,0,0,1,3564.08,2018,2018,1,1,74.81,74.81
USA,80,0,0,0,1,3564.08,2018,2018,1,2,80.63,80.63
USA,80,0,0,0,1,3564.08,2018,2018,2,1,74.81,74.81
USA,80,0,0,0,1,3564.08,2018,2018,2,2,80.63,80.63
USA,90,0,0,0,1,3564.09,2018,2018,1,1,74.59,74.61
USA,90,0,0,0,1,3564.09,2018,2018,1,2,80.53,80.55
USA,90,0,0,0,1,3564.09,2018,2018,2,1,74.59,74.61
USA,90,0,0,0,1,3564.09,2018,2018,2,2,80.53,80.55
USA,100,0,0,0,1,3564.1,2018,2018,1,1,76.18,76.19
USA,100,0,0,0,1,3564.1,2018,2018,1,2,81.55,81.56
USA,100,0,0,0,1,3564.1,2018,2018,2,1,76.18,76.19
USA,100,0,0,0,1,3564.1,2018,2018,2,2,81.55,81.56
USA,110,0,0,0,1,3564.11,2018,2018,1,1,74.74,74.75
USA,110,0,0,0,1,3564.11,2018,2018,1,2,79.65,79.65
USA,110,0,0,0,1,3564.11,2018,2018,2,1,74.74,74.75
USA,110,0,0,0,1,3564.11,2018,2018,2,2,79.65,79.65
USA,120,0,0,0,1,3564.12,2018,2018,1,1,78.03,78.04
USA,120,0,0,0,1,3564.12,2018,2018,1,2,83.95,83.98
USA,120,0,0,0,1,3564.12,2018,2018,2,1,78.03,78.04
USA,120,0,0,0,1,3564.12,2018,2018,2,2,83.95,83.98
USA,130,0,0,0,1,3564.13,2018,2018,1,1,76.84,76.84
USA,130,0,0,0,1,3564.13,2018,2018,1,2,81.31,81.31
USA,130,0,0,0,1,3564.13,2018,2018,2,1,76.84,76.84
USA,130,0,0,0,1,3564.13,2018,2018,2,2,81.31,81.31
USA,140,0,0,0,1,3564.14,2018,2018,1,1,76.22,76.23
USA,140,0,0,0,1,3564.14,2018,2018,1,2,81.26,81.27
USA,140,0,0,0,1,3564.14,2018,2018,2,1,76.22,76.23
USA,140,0,0,0,1,3564.14,2018,2018,2,2,81.26,81.27
USA,150,0,0,0,1,3564.15,2018,2018,1,1,74.37,74.38
USA,150,0,0,0,1,3564.15,2018,2018,1,2,79.3,79.31
USA,150,0,0,0,1,3564.15,2018,2018,2,1,74.37,74.38
USA,150,0,0,0,1,3564.15,2018,2018,2,2,79.3,79.31
USA,160,0,0,0,1,3564.16,2018,2018,1,1,76.79,76.8
USA,160,0,0,0,1,3564.16,2018,2018,1,2,81.58,81.59
USA,160,0,0,0,1,3564.16,2018,2018,2,1,76.79,76.8
USA,160,0,0,0,1,3564.16,2018,2018,2,2,81.58,81.59
USA,170,0,0,0,1,3564.17,2018,2018,1,1,75.73,75.73
USA,170,0,0,0,1,3564.17,2018,2018,1,2,80.31,80.31
USA,170,0,0,0,1,3564.17,2018,2018,2,1,75.73,75.73
USA,170,0,0,0,1,3564.17,2018,2018,2,2,80.31,80.31
USA,180,0,0,0,1,3564.18,2018,2018,1,1,72.64,72.64
USA,180,0,0,0,1,3564.18,2018,2018,1,2,77.92,77.93
USA,180,0,0,0,1,3564.18,2018,2018,2,1,72.64,72.64
USA,180,0,0,0,1,3564.18,2018,2018,2,2,77.92,77.93
USA,190,0,0,0,1,3564.19,2018,2018,1,1,72.68,72.68
USA,190,0,0,0,1,3564.19,2018,2018,1,2,78.48,78.49
USA,190,0,0,0,1,3564.19,2018,2018,2,1,72.68,72.68
USA,190,0,0,0,1,3564.19,2018,2018,2,2,78.48,78.49
USA,200,0,0,0,1,3564.2,2018,2018,1,1,75.92,75.92
USA,200,0,0,0,1,3564.2,2018,2018,1,2,81.2,81.21
USA,200,0,0,0,1,3564.2,2018,2018,2,1,75.92,75.92
USA,200,0,0,0,1,3564.2,2018,2018,2,2,81.2,81.21
USA,210,0,0,0,1,3564.21,2018,2018,1,1,75.78,75.79
USA,210,0,0,0,1,3564.21,2018,2018,1,2,81.11,81.12
USA,210,0,0,0,1,3564.21,2018,2018,2,1,75.78,75.79
USA,210,0,0,0,1,3564.21,2018,2018,2,2,81.11,81.12
USA,220,0,0,0,1,3564.22,2018,2018,1,1,77.65,77.65
USA,220,0,0,0,1,3564.22,2018,2018,1,2,82.53,82.53
USA,220,0,0,0,1,3564.22,2018,2018,2,1,77.65,77.65
USA,220,0,0,0,1,3564.22,2018,2018,2,2,82.53,82.53
USA,230,0,0,0,1,3564.23,2018,2018,1,1,75.35,75.35
USA,230,0,0,0,1,3564.23,2018,2018,1,2,80.11,80.12
USA,230,0,0,0,1,3564.23,2018,2018,2,1,75.35,75.35
USA,230,0,0,0,1,3564.23,2018,2018,2,2,80.11,80.12
USA,240,0,0,0,1,3564.24,2018,2018,1,1,78.4,78.4
USA,240,0,0,0,1,3564.24,2018,2018,1,2,82.62,82.63
USA,240,0,0,0,1,3564.24,2018,2018,2,1,78.4,78.4
USA,240,0,0,0,1,3564.24,2018,2018,2,2,82.62,82.63
USA,250,0,0,0,1,3564.25,2018,2018,1,1,71.71,71.71
USA,250,0,0,0,1,3564.25,2018,2018,1,2,77.5,77.51
USA,250,0,0,0,1,3564.25,2018,2018,2,1,71.71,71.71
USA,250,0,0,0,1,3564.25,2018,2018,2,2,77.5,77.51
USA,260,0,0,0,1,3564.26,2018,2018,1,1,73.91,73.91
USA,260,0,0,0,1,3564.26,2018,2018,1,2,79.27,79.28
USA,260,0,0,0,1,3564.26,2018,2018,2,1,73.91,73.91
USA,260,0,0,0,1,3564.26,2018,2018,2,2,79.27,79.28
USA,270,0,0,0,1,3564.27,2018,2018,1,1,76.55,76.55
USA,270,0,0,0,1,3564.27,2018,2018,1,2,81.06,81.07
USA,270,0,0,0,1,3564.27,2018,2018,2,1,76.55,76.55
USA,270,0,0,0,1,3564.27,2018,2018,2,2,81.06,81.07
USA,280,0,0,0,1,3564.28,2018,2018,1,1,76.84,76.84
USA,280,0,0,0,1,3564.28,2018,2018,1,2,81.37,81.37
USA,280,0,0,0,1,3564.28,2018,2018,2,1,76.84,76.84
USA,280,0,0,0,1,3564.28,2018,2018,2,2,81.37,81.37
USA,290,0,0,0,1,3564.29,2018,2018,1,1,75.36,75.37
USA,290,0,0,0,1,3564.29,2018,2018,1,2,80.53,80.53
USA,290,0,0,0,1,3564.29,2018,2018,2,1,75.36,75.37
USA,290,0,0,0,1,3564.29,2018,2018,2,2,80.53,80.53
USA,300,0,0,0,1,3564.3,2018,2018,1,1,76.68,76.68
USA,300,0,0,0,1,3564.3,2018,2018,1,2,81.53,81.54
USA,300,0,0,0,1,3564.3,2018,2018,2,1,76.68,76.68
USA,300,0,0,0,1,3564.3,2018,2018,2,2,81.53,81.54
USA,310,0,0,0,1,3564.31,2018,2018,1,1,77.32,77.32
USA,310,0,0,0,1,3564.31,2018,2018,1,2,82.27,82.28
USA,310,0,0,0,1,3564.31,2018,2018,2,1,77.32,77.32
USA,310,0,0,0,1,3564.31,2018,2018,2,2,82.27,82.28
USA,320,0,0,0,1,3564.32,2018,2018,1,1,74.16,74.16
USA,320,0,0,0,1,3564.32,2018,2018,1,2,80.4,80.41
USA,320,0,0,0,1,3564.32,2018,2018,2,1,74.16,74.16
USA,320,0,0,0,1,3564.32,2018,2018,2,2,80.4,80.41
USA,330,0,0,0,1,3564.33,2018,2018,1,1,78.13,78.14
USA,330,0,0,0,1,3564.33,2018,2018,1,2,82.78,82.8
USA,330,0,0,0,1,3564.33,2018,2018,2,1,78.13,78.14
USA,330,0,0,0,1,3564.33,2018,2018,2,2,82.78,82.8
USA,340,0,0,0,1,3564.34,2018,2018,1,1,74.91,74.91
USA,340,0,0,0,1,3564.34,2018,2018,1,2,80.19,80.2
USA,340,0,0,0,1,3564.34,2018,2018,2,1,74.91,74.91
USA,340,0,0,0,1,3564.34,2018,2018,2,2,80.19,80.2
USA,350,0,0,0,1,3564.35,2018,2018,1,1,76.98,76.98
USA,350,0,0,0,1,3564.35,2018,2018,1,2,81.67,81.69
USA,350,0,0,0,1,3564.35,2018,2018,2,1,76.98,76.98
USA,350,0,0,0,1,3564.35,2018,2018,2,2,81.67,81.69
USA,360,0,0,0,1,3564.36,2018,2018,1,1,74.19,74.19
USA,360,0,0,0,1,3564.36,2018,2018,1,2,79.34,79.34
USA,360,0,0,0,1,3564.36,2018,2018,2,1,74.19,74.19
USA,360,0,0,0,1,3564.36,2018,2018,2,2,79.34,79.34
USA,370,0,0,0,1,3564.37,2018,2018,1,1,73.08,73.08
USA,370,0,0,0,1,3564.37,2018,2018,1,2,78.15,78.15
USA,370,0,0,0,1,3564.37,2018,2018,2,1,73.08,73.08
USA,370,0,0,0,1,3564.37,2018,2018,2,2,78.15,78.15
USA,380,0,0,0,1,3564.38,2018,2018,1,1,77.51,77.51
USA,380,0,0,0,1,3564.38,2018,2018,1,2,81.91,81.91
USA,380,0,0,0,1,3564.38,2018,2018,2,1,77.51,77.51
USA,380,0,0,0,1,3564.38,2018,2018,2,2,81.91,81.91
USA,390,0,0,0,1,3564.39,2018,2018,1,1,75.48,75.48
USA,390,0,0,0,1,3564.39,2018,2018,1,2,80.79,80.79
USA,390,0,0,0,1,3564.39,2018,2018,2,1,75.48,75.48
USA,390,0,0,0,1,3564.39,2018,2018,2,2,80.79,80.79
USA,400,0,0,0,1,3564.4,2018,2018,1,1,77.22,77.22
USA,400,0,0,0,1,3564.4,2018,2018,1,2,82.17,82.18
USA,400,0,0,0,1,3564.4,2018,2018,2,1,77.22,77.22
USA,400,0,0,0,1,3564.4,2018,2018,2,2,82.17,82.18
USA,410,0,0,0,1,3564.41,2018,2018,1,1,73.71,73.71
USA,410,0,0,0,1,3564.41,2018,2018,1,2,79.33,79.33
USA,410,0,0,0,1,3564.41,2018,2018,2,1,73.71,73.71
USA,410,0,0,0,1,3564.41,2018,2018,2,2,79.33,79.33
USA,420,0,0,0,1,3564.42,2018,2018,1,1,76.47,76.47
USA,420,0,0,0,1,3564.42,2018,2018,1,2,81.42,81.42
USA,420,0,0,0,1,3564.42,2018,2018,2,1,76.47,76.47
USA,420,0,0,0,1,3564.42,2018,2018,2,2,81.42,81.42
USA,430,0,0,0,1,3564.43,2018,2018,1,1,72.96,72.96
USA,430,0,0,0,1,3564.43,2018,2018,1,2,78.09,78.1
USA,430,0,0,0,1,3564.43,2018,2018,2,1,72.96,72.96
USA,430,0,0,0,1,3564.43,2018,2018,2,2,78.09,78.1
USA,440,0,0,0,1,3564.44,2018,2018,1,1,75.96,75.96
USA,440,0,0,0,1,3564.44,2018,2018,1,2,80.84,80.84
USA,440,0,0,0,1,3564.44,2018,2018,2,1,75.96,75.96
USA,440,0,0,0,1,3564.44,2018,2018,2,2,80.84,80.84
USA,450,0,0,0,1,3564.45,2018,2018,1,1,77.73,77.73
USA,450,0,0,0,1,3564.45,2018,2018,1,2,81.52,81.52
USA,450,0,0,0,1,3564.45,2018,2018,2,1,77.73,77.73
USA,450,0,0,0,1,3564.45,2018,2018,2,2,81.52,81.52
USA,460,0,0,0,1,3564.46,2018,2018,1,1,77,77
USA,460,0,0,0,1,3564.46,2018,2018,1,2,81.69,81.69
USA,460,0,0,0,1,3564.46,2018,2018,2,1,77,77
USA,460,0,0,0,1,3564.46,2018,2018,2,2,81.69,81.69
USA,470,0,0,0,1,3564.47,2018,2018,1,1,76.6,76.6
USA,470,0,0,0,1,3564.47,2018,2018,1,2,81.27,81.28
USA,470,0,0,0,1,3564.47,2018,2018,2,1,76.6,76.6
USA,470,0,0,0,1,3564.47,2018,2018,2,2,81.27,81.28
USA,480,0,0,0,1,3564.48,2018,2018,1,1,77.88,77.88
USA,480,0,0,0,1,3564.48,2018,2018,1,2,82.11,82.12
USA,480,0,0,0,1,3564.48,2018,2018,2,1,77.88,77.88
USA,480,0,0,0,1,3564.48,2018,2018,2,2,82.11,82.12
USA,490,0,0,0,1,3564.49,2018,2018,1,1,71.7,71.7
USA,490,0,0,0,1,3564.49,2018,2018,1,2,77.25,77.26
USA,490,0,0,0,1,3564.49,2018,2018,2,1,71.7,71.7
USA,490,0,0,0,1,3564.49,2018,2018,2,2,77.25,77.26
USA,500,0,0,0,1,3564.5,2018,2018,1,1,76.92,76.92
USA,500,0,0,0,1,3564.5,2018,2018,1,2,81.63,81.64
USA,500,0,0,0,1,3564.5,2018,2018,2,1,76.92,76.92
USA,500,0,0,0,1,3564.5,2018,2018,2,2,81.63,81.64
USA,510,0,0,0,1,3564.51,2018,2018,1,1,76.11,76.11
USA,510,0,0,0,1,3564.51,2018,2018,1,2,80.29,80.29
USA,510,0,0,0,1,3564.51,2018,2018,2,1,76.11,76.11
USA,510,0,0,0,1,3564.51,2018,2018,2,2,80.29,80.29
USA,0,0,E030,0,1,6.2,1901,1901,1,1,32.55,32.54
USA,0,0,E030,0,1,6.2,1901,1901,1,2,35.05,35.04
USA,0,0,E030,0,1,6.2,1901,1901,2,1,32.55,32.54
USA,0,0,E030,0,1,6.2,1901,1901,2,2,35.05,35.04
USA,0,0,E030,0,1,1832.02,1939,1941,1,1,52.27,52.26
USA,0,0,E030,0,1,1832.02,1939,1941,1,2,55.57,55.56
USA,0,0,E030,0,1,1832.02,1939,1941,2,1,52.27,52.26
USA,0,0,E030,0,1,1832.02,1939,1941,2,2,55.57,55.56
USA,0,0,E030,0,1,1835.02,1969,1971,1,1,60,60
USA,0,0,E030,0,1,1835.02,1969,1971,1,2,68.31,68.31
USA,0,0,E030,0,1,1835.02,1969,1971,2,1,60,60
USA,0,0,E030,0,1,1835.02,1969,1971,2,2,68.31,68.31
USA,0,0,E030,0,1,1838.02,1979,1979,1,1,63.64,64.01
USA,0,0,E030,0,1,1838.02,1979,1979,1,2,71.42,72.7
USA,0,0,E030,0,1,1838.02,1979,1979,2,1,63.64,64.01
USA,0,0,E030,0,1,1838.02,1979,1979,2,2,71.42,72.7
USA,0,0,E030,0,1,1836.02,1979,1981,1,1,64.1,64.1
USA,0,0,E030,0,1,1836.02,1979,1981,1,2,72.87,72.87
USA,0,0,E030,0,1,1836.02,1979,1981,2,1,64.1,64.1
USA,0,0,E030,0,1,1836.02,1979,1981,2,2,72.87,72.87
USA,0,0,E030,0,1,1839.02,1981,1981,1,1,64.25,64.36
USA,0,0,E030,0,1,1839.02,1981,1981,1,2,72.49,73.03
USA,0,0,E030,0,1,1839.02,1981,1981,2,1,64.25,64.36
USA,0,0,E030,0,1,1839.02,1981,1981,2,2,72.49,73.03
USA,0,0,E030,0,1,1837.02,1989,1991,1,1,64.47,64.47
USA,0,0,E030,0,1,1837.02,1989,1991,1,2,73.73,73.73
USA,0,0,E030,0,1,1837.02,1989,1991,2,1,64.47,64.47
USA,0,0,E030,0,1,1837.02,1989,1991,2,2,73.73,73.73
USA,0,0,E030,0,1,1458.1,1999,2001,1,1,68.08,68.08
USA,0,0,E030,0,1,1458.1,1999,2001,1,2,75.12,75.12
USA,0,0,E030,0,1,1458.1,1999,2001,2,1,68.08,68.08
USA,0,0,E030,0,1,1458.1,1999,2001,2,2,75.12,75.12
USA,0,0,E030,0,1,21.2,2000,2000,1,1,68.18,68.19
USA,0,0,E030,0,1,21.2,2000,2000,1,2,74.91,74.93
USA,0,0,E030,0,1,21.2,2000,2000,2,1,68.18,68.19
USA,0,0,E030,0,1,21.2,2000,2000,2,2,74.91,74.93
USA,0,0,E030,0,2,980.01,2000,2000,1,1,68.19,68.19
USA,0,0,E030,0,2,980.01,2000,2000,1,2,75.05,75.07
USA,0,0,E030,0,2,980.01,2000,2000,2,1,68.19,68.19
USA,0,0,E030,0,2,980.01,2000,2000,2,2,75.05,75.07
USA,0,0,E030,0,1,22.1,2001,2001,1,1,68.55,68.56
USA,0,0,E030,0,1,22.1,2001,2001,1,2,75.44,75.47
USA,0,0,E030,0,1,22.1,2001,2001,2,1,68.55,68.56
USA,0,0,E030,0,1,22.1,2001,2001,2,2,75.44,75.47
USA,0,0,E030,0,1,23.3,2002,2002,1,1,68.75,68.77
USA,0,0,E030,0,1,23.3,2002,2002,1,2,75.55,75.58
USA,0,0,E030,0,1,23.3,2002,2002,2,1,68.75,68.77
USA,0,0,E030,0,1,23.3,2002,2002,2,2,75.55,75.58
USA,0,0,E030,0,1,24.1,2003,2003,1,1,68.93,68.94
USA,0,0,E030,0,1,24.1,2003,2003,1,2,75.88,75.92
USA,0,0,E030,0,1,24.1,2003,2003,2,1,68.93,68.94
USA,0,0,E030,0,1,24.1,2003,2003,2,2,75.88,75.92
USA,0,0,E030,0,1,25.2,2004,2004,1,1,69.5,69.52
USA,0,0,E030,0,1,25.2,2004,2004,1,2,76.26,76.31
USA,0,0,E030,0,1,25.2,2004,2004,2,1,69.5,69.52
USA,0,0,E030,0,1,25.2,2004,2004,2,2,76.26,76.31
USA,0,0,E030,0,1,981.2,2005,2005,1,1,69.3,69.31
USA,0,0,E030,0,1,981.2,2005,2005,1,2,76.08,76.1
USA,0,0,E030,0,1,981.2,2005,2005,2,1,69.3,69.31
USA,0,0,E030,0,1,981.2,2005,2005,2,2,76.08,76.1
USA,0,0,E030,0,1,1462.1,2006,2006,1,1,69.66,69.67
USA,0,0,E030,0,1,1462.1,2006,2006,1,2,76.51,76.53
USA,0,0,E030,0,1,1462.1,2006,2006,2,1,69.66,69.67
USA,0,0,E030,0,1,1462.1,2006,2006,2,2,76.51,76.53
USA,0,0,E030,0,1,1610.03,2007,2007,1,1,70.02,70.03
USA,0,0,E030,0,1,1610.03,2007,2007,1,2,76.8,76.83
USA,0,0,E030,0,1,1610.03,2007,2007,2,1,70.02,70.03
USA,0,0,E030,0,1,1610.03,2007,2007,2,2,76.8,76.83
USA,0,0,E030,0,1,1610.09,2008,2008,1,1,70.55,70.56
USA,0,0,E030,0,1,1610.09,2008,2008,1,2,77.15,77.17
USA,0,0,E030,0,1,1610.09,2008,2008,2,1,70.55,70.56
USA,0,0,E030,0,1,1610.09,2008,2008,2,2,77.15,77.17
USA,0,0,E030,0,1,1681.02,2009,2009,1,1,71.05,71.06
USA,0,0,E030,0,1,1681.02,2009,2009,1,2,77.58,77.61
USA,0,0,E030,0,1,1681.02,2009,2009,2,1,71.05,71.06
USA,0,0,E030,0,1,1681.02,2009,2009,2,2,77.58,77.61
USA,0,0,E030,0,1,1707.03,2010,2010,1,1,71.84,71.85
USA,0,0,E030,0,1,1707.03,2010,2010,1,2,77.97,78
USA,0,0,E030,0,1,1707.03,2010,2010,2,1,71.84,71.85
USA,0,0,E030,0,1,1707.03,2010,2010,2,2,77.97,78
USA,0,0,E030,0,1,1884.03,2011,2011,1,1,72.18,72.19
USA,0,0,E030,0,1,1884.03,2011,2011,1,2,78.14,78.17
USA,0,0,E030,0,1,1884.03,2011,2011,2,1,72.18,72.19
USA,0,0,E030,0,1,1884.03,2011,2011,2,2,78.14,78.17
USA,0,0,E030,0,1,3560.08,2012,2012,1,1,72.28,72.29
USA,0,0,E030,0,1,3560.08,2012,2012,1,2,78.37,78.41
USA,0,0,E030,0,1,3560.08,2012,2012,2,1,72.28,72.29
USA,0,0,E030,0,1,3560.08,2012,2012,2,2,78.37,78.41
USA,0,0,E030,0,1,3560.14,2013,2013,1,1,72.32,72.33
USA,0,0,E030,0,1,3560.14,2013,2013,1,2,78.38,78.41
USA,0,0,E030,0,1,3560.14,2013,2013,2,1,72.32,72.33
USA,0,0,E030,0,1,3560.14,2013,2013,2,2,78.38,78.41
USA,0,0,E030,0,1,3560.2,2014,2014,1,1,72.5,72.52
USA,0,0,E030,0,1,3560.2,2014,2014,1,2,78.46,78.5
USA,0,0,E030,0,1,3560.2,2014,2014,2,1,72.5,72.52
USA,0,0,E030,0,1,3560.2,2014,2014,2,2,78.46,78.5
USA,0,0,E030,0,1,3560.27,2015,2015,1,1,72.23,72.25
USA,0,0,E030,0,1,3560.27,2015,2015,1,2,78.43,78.46
USA,0,0,E030,0,1,3560.27,2015,2015,2,1,72.23,72.25
USA,0,0,E030,0,1,3560.27,2015,2015,2,2,78.43,78.46
USA,E030,0,0,0,1,3561.03,2016,2016,1,1,71.93,71.94
USA,E030,0,0,0,1,3561.03,2016,2016,1,2,78.43,78.46
USA,E030,0,0,0,1,3561.03,2016,2016,2,1,71.93,71.94
USA,E030,0,0,0,1,3561.03,2016,2016,2,2,78.43,78.46
USA,0,0,E030,0,1,3562.02,2017,2017,1,1,71.93,71.94
USA,0,0,E030,0,1,3562.02,2017,2017,1,2,78.43,78.46
USA,0,0,E030,0,1,3562.02,2017,2017,2,1,71.93,71.94
USA,0,0,E030,0,1,3562.02,2017,2017,2,2,78.43,78.46
USA,0,0,E040,0,1,1833.02,1949,1951,1,1,58.91,58.91
USA,0,0,E040,0,1,1833.02,1949,1951,1,2,62.7,62.7
USA,0,0,E040,0,1,1833.02,1949,1951,2,1,58.91,58.91
USA,0,0,E040,0,1,1833.02,1949,1951,2,2,62.7,62.7
USA,0,0,E040,0,1,1834.02,1959,1961,1,1,61.48,61.48
USA,0,0,E040,0,1,1834.02,1959,1961,1,2,66.46,66.47
USA,0,0,E040,0,1,1834.02,1959,1961,2,1,61.48,61.48
USA,0,0,E040,0,1,1834.02,1959,1961,2,2,66.46,66.47
USA,0,0,E040,0,1,682.68,1960,1960,4,1,61.03,61.23
USA,0,0,E040,0,1,682.68,1960,1960,4,2,66.26,66.69
USA,0,0,E040,0,1,1835.03,1969,1971,1,1,60.98,60.98
USA,0,0,E040,0,1,1835.03,1969,1971,1,2,69.04,69.04
USA,0,0,E040,0,1,1835.03,1969,1971,2,1,60.98,60.98
USA,0,0,E040,0,1,1835.03,1969,1971,2,2,69.04,69.04
USA,0,0,E040,0,1,1838.03,1979,1979,1,1,64.86,65.52
USA,0,0,E040,0,1,1838.03,1979,1979,1,2,72.4,74.2
USA,0,0,E040,0,1,1838.03,1979,1979,2,1,64.86,65.52
USA,0,0,E040,0,1,1838.03,1979,1979,2,2,72.4,74.2
USA,0,0,E040,0,1,1836.03,1979,1981,1,1,65.63,65.63
USA,0,0,E040,0,1,1836.03,1979,1981,1,2,73.99,73.99
USA,0,0,E040,0,1,1836.03,1979,1981,2,1,65.63,65.63
USA,0,0,E040,0,1,1836.03,1979,1981,2,2,73.99,73.99
USA,0,0,E040,0,1,1839.03,1981,1981,1,1,65.86,66.1
USA,0,0,E040,0,1,1839.03,1981,1981,1,2,73.56,74.48
USA,0,0,E040,0,1,1839.03,1981,1981,2,1,65.86,66.1
USA,0,0,E040,0,1,1839.03,1981,1981,2,2,73.56,74.48
USA,0,0,E040,0,1,1837.03,1989,1991,1,1,66.96,66.97
USA,0,0,E040,0,1,1837.03,1989,1991,1,2,75.39,75.39
USA,0,0,E040,0,1,1837.03,1989,1991,2,1,66.96,66.97
USA,0,0,E040,0,1,1837.03,1989,1991,2,2,75.39,75.39
USA,0,0,E100,0,1,1832.03,1939,1941,1,1,53.58,53.56
USA,0,0,E100,0,1,1832.03,1939,1941,1,2,55.84,55.84
USA,0,0,E100,0,1,1832.03,1939,1941,2,1,53.58,53.56
USA,0,0,E100,0,1,1832.03,1939,1941,2,2,55.84,55.84
USA,0,0,E110,0,1,6.1,1901,1901,1,1,48.24,48.23
USA,0,0,E110,0,1,6.1,1901,1901,1,2,51.09,51.08
USA,0,0,E110,0,1,6.1,1901,1901,2,1,48.24,48.23
USA,0,0,E110,0,1,6.1,1901,1901,2,2,51.09,51.08
USA,0,0,E110,0,1,1832.04,1939,1941,1,1,62.81,62.81
USA,0,0,E110,0,1,1832.04,1939,1941,1,2,67.29,67.29
USA,0,0,E110,0,1,1832.04,1939,1941,2,1,62.81,62.81
USA,0,0,E110,0,1,1832.04,1939,1941,2,2,67.29,67.29
USA,0,0,E110,0,1,1833.03,1949,1951,1,1,66.31,66.31
USA,0,0,E110,0,1,1833.03,1949,1951,1,2,72.03,72.03
USA,0,0,E110,0,1,1833.03,1949,1951,2,1,66.31,66.31
USA,0,0,E110,0,1,1833.03,1949,1951,2,2,72.03,72.03
USA,0,0,E110,0,1,1834.03,1959,1961,1,1,67.55,67.55
USA,0,0,E110,0,1,1834.03,1959,1961,1,2,74.19,74.19
USA,0,0,E110,0,1,1834.03,1959,1961,2,1,67.55,67.55
USA,0,0,E110,0,1,1834.03,1959,1961,2,2,74.19,74.19
USA,0,0,E110,0,1,682.69,1959,1961,4,1,67.43,67.58
USA,0,0,E110,0,1,682.69,1959,1961,4,2,74.05,74.33
USA,0,0,E110,0,1,1835.04,1969,1971,1,1,67.94,67.94
USA,0,0,E110,0,1,1835.04,1969,1971,1,2,75.49,75.49
USA,0,0,E110,0,1,1835.04,1969,1971,2,1,67.94,67.94
USA,0,0,E110,0,1,1835.04,1969,1971,2,2,75.49,75.49
USA,0,0,E110,0,1,1838.04,1979,1979,1,1,70.3,70.58
USA,0,0,E110,0,1,1838.04,1979,1979,1,2,77.55,78.24
USA,0,0,E110,0,1,1838.04,1979,1979,2,1,70.3,70.58
USA,0,0,E110,0,1,1838.04,1979,1979,2,2,77.55,78.24
USA,0,0,E110,0,1,1836.04,1979,1981,1,1,70.82,70.82
USA,0,0,E110,0,1,1836.04,1979,1981,1,2,78.22,78.22
USA,0,0,E110,0,1,1836.04,1979,1981,2,1,70.82,70.82
USA,0,0,E110,0,1,1836.04,1979,1981,2,2,78.22,78.22
USA,0,0,E110,0,1,1839.04,1981,1981,1,1,70.98,71.12
USA,0,0,E110,0,1,1839.04,1981,1981,1,2,77.93,78.48
USA,0,0,E110,0,1,1839.04,1981,1981,2,1,70.98,71.12
USA,0,0,E110,0,1,1839.04,1981,1981,2,2,77.93,78.48
USA,0,0,E110,0,1,1837.04,1989,1991,1,1,72.71,72.72
USA,0,0,E110,0,1,1837.04,1989,1991,1,2,79.45,79.45
USA,0,0,E110,0,1,1837.04,1989,1991,2,1,72.71,72.72
USA,0,0,E110,0,1,1837.04,1989,1991,2,2,79.45,79.45
USA,0,0,E110,0,1,1457.1,1999,2001,1,1,74.74,74.74
USA,0,0,E110,0,1,1457.1,1999,2001,1,2,79.97,79.97
USA,0,0,E110,0,1,1457.1,1999,2001,2,1,74.74,74.74
USA,0,0,E110,0,1,1457.1,1999,2001,2,2,79.97,79.97
USA,0,0,E110,0,1,21.1,2000,2000,1,1,74.78,74.79
USA,0,0,E110,0,1,21.1,2000,2000,1,2,79.96,79.97
USA,0,0,E110,0,1,21.1,2000,2000,2,1,74.78,74.79
USA,0,0,E110,0,1,21.1,2000,2000,2,2,79.96,79.97
USA,0,0,E110,0,2,980.02,2000,2000,1,1,74.7,74.7
USA,0,0,E110,0,2,980.02,2000,2000,1,2,79.85,79.85
USA,0,0,E110,0,2,980.02,2000,2000,2,1,74.7,74.7
USA,0,0,E110,0,2,980.02,2000,2000,2,2,79.85,79.85
USA,0,0,E110,0,1,22.2,2001,2001,1,1,75.02,75.02
USA,0,0,E110,0,1,22.2,2001,2001,1,2,80.2,80.22
USA,0,0,E110,0,1,22.2,2001,2001,2,1,75.02,75.02
USA,0,0,E110,0,1,22.2,2001,2001,2,2,80.2,80.22
USA,0,0,E110,0,1,23.1,2002,2002,1,1,75.1,75.11
USA,0,0,E110,0,1,23.1,2002,2002,1,2,80.26,80.27
USA,0,0,E110,0,1,23.1,2002,2002,2,1,75.1,75.11
USA,0,0,E110,0,1,23.1,2002,2002,2,2,80.26,80.27
USA,0,0,E110,0,1,24.2,2003,2003,1,1,75.29,75.3
USA,0,0,E110,0,1,24.2,2003,2003,1,2,80.42,80.44
USA,0,0,E110,0,1,24.2,2003,2003,2,1,75.29,75.3
USA,0,0,E110,0,1,24.2,2003,2003,2,2,80.42,80.44
USA,0,0,E110,0,1,25.3,2004,2004,1,1,75.7,75.7
USA,0,0,E110,0,1,25.3,2004,2004,1,2,80.77,80.79
USA,0,0,E110,0,1,25.3,2004,2004,2,1,75.7,75.7
USA,0,0,E110,0,1,25.3,2004,2004,2,2,80.77,80.79
USA,0,0,E110,0,1,981.3,2005,2005,1,1,75.41,75.41
USA,0,0,E110,0,1,981.3,2005,2005,1,2,80.35,80.35
USA,0,0,E110,0,1,981.3,2005,2005,2,1,75.41,75.41
USA,0,0,E110,0,1,981.3,2005,2005,2,2,80.35,80.35
USA,0,0,E110,0,1,1461.1,2006,2006,1,1,75.66,75.66
USA,0,0,E110,0,1,1461.1,2006,2006,1,2,80.58,80.58
USA,0,0,E110,0,1,1461.1,2006,2006,2,1,75.66,75.66
USA,0,0,E110,0,1,1461.1,2006,2006,2,2,80.58,80.58
USA,0,0,E110,0,1,1610.02,2007,2007,1,1,75.89,75.89
USA,0,0,E110,0,1,1610.02,2007,2007,1,2,80.76,80.77
USA,0,0,E110,0,1,1610.02,2007,2007,2,1,75.89,75.89
USA,0,0,E110,0,1,1610.02,2007,2007,2,2,80.76,80.77
USA,0,0,E110,0,1,1610.08,2008,2008,1,1,76.05,76.05
USA,0,0,E110,0,1,1610.08,2008,2008,1,2,80.9,80.9
USA,0,0,E110,0,1,1610.08,2008,2008,2,1,76.05,76.05
USA,0,0,E110,0,1,1610.08,2008,2008,2,2,80.9,80.9
USA,0,0,E110,0,1,1681.03,2009,2009,1,1,76.41,76.41
USA,0,0,E110,0,1,1681.03,2009,2009,1,2,81.19,81.2
USA,0,0,E110,0,1,1681.03,2009,2009,2,1,76.41,76.41
USA,0,0,E110,0,1,1681.03,2009,2009,2,2,81.19,81.2
USA,0,0,E110,0,1,1707.02,2010,2010,1,1,76.54,76.54
USA,0,0,E110,0,1,1707.02,2010,2010,1,2,81.28,81.29
USA,0,0,E110,0,1,1707.02,2010,2010,2,1,76.54,76.54
USA,0,0,E110,0,1,1707.02,2010,2010,2,2,81.28,81.29
USA,0,0,E110,0,1,1884.02,2011,2011,1,1,76.59,76.59
USA,0,0,E110,0,1,1884.02,2011,2011,1,2,81.26,81.27
USA,0,0,E110,0,1,1884.02,2011,2011,2,1,76.59,76.59
USA,0,0,E110,0,1,1884.02,2011,2011,2,2,81.26,81.27
USA,0,0,E110,0,1,3560.09,2012,2012,1,1,76.72,76.73
USA,0,0,E110,0,1,3560.09,2012,2012,1,2,81.35,81.36
USA,0,0,E110,0,1,3560.09,2012,2012,2,1,76.72,76.73
USA,0,0,E110,0,1,3560.09,2012,2012,2,2,81.35,81.36
USA,0,0,E110,0,1,3560.15,2013,2013,1,1,76.71,76.72
USA,0,0,E110,0,1,3560.15,2013,2013,1,2,81.35,81.36
USA,0,0,E110,0,1,3560.15,2013,2013,2,1,76.71,76.72
USA,0,0,E110,0,1,3560.15,2013,2013,2,2,81.35,81.36
USA,0,0,E110,0,1,3560.21,2014,2014,1,1,76.73,76.73
USA,0,0,E110,0,1,3560.21,2014,2014,1,2,81.41,81.42
USA,0,0,E110,0,1,3560.21,2014,2014,2,1,76.73,76.73
USA,0,0,E110,0,1,3560.21,2014,2014,2,2,81.41,81.42
USA,0,0,E110,0,1,3560.28,2015,2015,1,1,76.57,76.58
USA,0,0,E110,0,1,3560.28,2015,2015,1,2,81.25,81.26
USA,0,0,E110,0,1,3560.28,2015,2015,2,1,76.57,76.58
USA,0,0,E110,0,1,3560.28,2015,2015,2,2,81.25,81.26
USA,0,0,E110,0,1,3561.02,2016,2016,1,1,76.37,76.37
USA,0,0,E110,0,1,3561.02,2016,2016,1,2,81.23,81.24
USA,0,0,E110,0,1,3561.02,2016,2016,2,1,76.37,76.37
USA,0,0,E110,0,1,3561.02,2016,2016,2,2,81.23,81.24
USA,0,0,E110,0,1,3562.02,2017,2017,1,1,79.08,79.1
USA,0,0,E110,0,1,3562.02,2017,2017,1,2,84.27,84.31
USA,0,0,E110,0,1,3562.02,2017,2017,2,1,79.08,79.1
USA,0,0,E110,0,1,3562.02,2017,2017,2,2,84.27,84.31
USA,0,0,E200,0,1,1542.01,1935,1940,4,1,51.61,51.6
USA,0,0,E200,0,1,1542.01,1935,1940,4,2,54.33,54.33
USA,0,0,E200,0,1,1542.02,1940,1945,4,1,55.44,55.43
USA,0,0,E200,0,1,1542.02,1940,1945,4,2,58.1,58.1
USA,0,0,E200,0,1,1542.03,1945,1950,4,1,59.13,59.13
USA,0,0,E200,0,1,1542.03,1945,1950,4,2,62.26,62.25
USA,0,0,E200,0,1,1542.04,1950,1955,4,1,60.72,60.72
USA,0,0,E200,0,1,1542.04,1950,1955,4,2,64.75,64.76
USA,0,0,E200,0,1,1542.05,1955,1960,4,1,61.82,61.82
USA,0,0,E200,0,1,1542.05,1955,1960,4,2,66.27,66.28
USA,0,0,E200,0,1,1542.06,1960,1965,4,1,61.78,61.78
USA,0,0,E200,0,1,1542.06,1960,1965,4,2,66.96,66.96
USA,0,0,E200,0,1,1542.07,1965,1970,4,1,61.14,61.14
USA,0,0,E200,0,1,1542.07,1965,1970,4,2,67.74,67.75
USA,0,0,E200,0,1,1542.08,1970,1975,4,1,62.01,62.01
USA,0,0,E200,0,1,1542.08,1970,1975,4,2,69.61,69.62
USA,0,0,E200,0,1,1542.09,1975,1980,4,1,64.29,64.29
USA,0,0,E200,0,1,1542.09,1975,1980,4,2,72.13,72.15
USA,0,0,E200,0,1,1542.1,1980,1985,4,1,65.77,65.78
USA,0,0,E200,0,1,1542.1,1980,1985,4,2,73.28,73.3
USA,0,0,E200,0,1,1542.11,1985,1990,4,1,65.92,65.92
USA,0,0,E200,0,1,1542.11,1985,1990,4,2,73.82,73.85
USA,0,0,E220,0,1,1610.04,2007,2007,1,1,78.21,78.24
USA,0,0,E220,0,1,1610.04,2007,2007,1,2,83.33,83.37
USA,0,0,E220,0,1,1610.04,2007,2007,2,1,78.21,78.24
USA,0,0,E220,0,1,1610.04,2007,2007,2,2,83.33,83.37
USA,0,0,E220,0,1,1610.1,2008,2008,1,1,78.37,78.39
USA,0,0,E220,0,1,1610.1,2008,2008,1,2,83.32,83.35
USA,0,0,E220,0,1,1610.1,2008,2008,2,1,78.37,78.39
USA,0,0,E220,0,1,1610.1,2008,2008,2,2,83.32,83.35
USA,0,0,E220,0,1,1681.04,2009,2009,1,1,78.69,78.7
USA,0,0,E220,0,1,1681.04,2009,2009,1,2,83.47,83.51
USA,0,0,E220,0,1,1681.04,2009,2009,2,1,78.69,78.7
USA,0,0,E220,0,1,1681.04,2009,2009,2,2,83.47,83.51
USA,0,0,E220,0,1,1707.04,2010,2010,1,1,78.71,78.72
USA,0,0,E220,0,1,1707.04,2010,2010,1,2,83.79,83.82
USA,0,0,E220,0,1,1707.04,2010,2010,2,1,78.71,78.72
USA,0,0,E220,0,1,1707.04,2010,2010,2,2,83.79,83.82
USA,0,0,E220,0,1,1884.04,2011,2011,1,1,79.01,79.03
USA,0,0,E220,0,1,1884.04,2011,2011,1,2,83.76,83.79
USA,0,0,E220,0,1,1884.04,2011,2011,2,1,79.01,79.03
USA,0,0,E220,0,1,1884.04,2011,2011,2,2,83.76,83.79
USA,0,0,E220,0,1,3560.1,2012,2012,1,1,79.24,79.26
USA,0,0,E220,0,1,3560.1,2012,2012,1,2,84.27,84.32
USA,0,0,E220,0,1,3560.1,2012,2012,2,1,79.24,79.26
USA,0,0,E220,0,1,3560.1,2012,2012,2,2,84.27,84.32
USA,0,0,E220,0,1,3560.16,2013,2013,1,1,79.2,79.22
USA,0,0,E220,0,1,3560.16,2013,2013,1,2,84.19,84.23
USA,0,0,E220,0,1,3560.16,2013,2013,2,1,79.2,79.22
USA,0,0,E220,0,1,3560.16,2013,2013,2,2,84.19,84.23
USA,0,0,E220,0,1,3560.23,2014,2014,1,1,79.39,79.41
USA,0,0,E220,0,1,3560.23,2014,2014,1,2,84.4,84.45
USA,0,0,E220,0,1,3560.23,2014,2014,2,1,79.39,79.41
USA,0,0,E220,0,1,3560.23,2014,2014,2,2,84.4,84.45
USA,0,0,E220,0,1,3560.29,2015,2015,1,1,79.28,79.3
USA,0,0,E220,0,1,3560.29,2015,2015,1,2,84.27,84.31
USA,0,0,E220,0,1,3560.29,2015,2015,2,1,79.28,79.3
USA,0,0,E220,0,1,3560.29,2015,2015,2,2,84.27,84.31
USA,0,0,E220,0,1,3561.04,2016,2016,1,1,79.08,79.1
USA,0,0,E220,0,1,3561.04,2016,2016,1,2,84.27,84.31
USA,0,0,E220,0,1,3561.04,2016,2016,2,1,79.08,79.1
USA,0,0,E220,0,1,3561.04,2016,2016,2,2,84.27,84.31
USA,0,0,E220,0,1,3562.04,2017,2017,1,1,79.08,79.1
USA,0,0,E220,0,1,3562.04,2017,2017,1,2,84.27,84.31
USA,0,0,E220,0,1,3562.04,2017,2017,2,1,79.08,79.1
USA,0,0,E220,0,1,3562.04,2017,2017,2,2,84.27,84.31
USA,E220,0,0,0,1,3563.02,2018,2018,1,1,79.06,79.08
USA,E220,0,0,0,1,3563.02,2018,2018,1,2,84.29,84.32
USA,E220,0,0,0,1,3563.02,2018,2018,2,1,79.06,79.08
USA,E220,0,0,0,1,3563.02,2018,2018,2,2,84.29,84.32
USA,0,0,E230,0,1,1610.05,2007,2007,1,1,75.8,75.81
USA,0,0,E230,0,1,1610.05,2007,2007,1,2,80.61,80.62
USA,0,0,E230,0,1,1610.05,2007,2007,2,1,75.8,75.81
USA,0,0,E230,0,1,1610.05,2007,2007,2,2,80.61,80.62
USA,0,0,E230,0,1,1610.11,2008,2008,1,1,75.93,75.93
USA,0,0,E230,0,1,1610.11,2008,2008,1,2,80.74,80.75
USA,0,0,E230,0,1,1610.11,2008,2008,2,1,75.93,75.93
USA,0,0,E230,0,1,1610.11,2008,2008,2,2,80.74,80.75
USA,0,0,E230,0,1,1681.05,2009,2009,1,1,76.28,76.29
USA,0,0,E230,0,1,1681.05,2009,2009,1,2,81.05,81.06
USA,0,0,E230,0,1,1681.05,2009,2009,2,1,76.28,76.29
USA,0,0,E230,0,1,1681.05,2009,2009,2,2,81.05,81.06
USA,0,0,E230,0,1,1707.05,2010,2010,1,1,76.41,76.41
USA,0,0,E230,0,1,1707.05,2010,2010,1,2,81.1,81.11
USA,0,0,E230,0,1,1707.05,2010,2010,2,1,76.41,76.41
USA,0,0,E230,0,1,1707.05,2010,2010,2,2,81.1,81.11
USA,0,0,E230,0,1,1884.05,2011,2011,1,1,76.43,76.43
USA,0,0,E230,0,1,1884.05,2011,2011,1,2,81.06,81.07
USA,0,0,E230,0,1,1884.05,2011,2011,2,1,76.43,76.43
USA,0,0,E230,0,1,1884.05,2011,2011,2,2,81.06,81.07
USA,0,0,E230,0,1,3560.11,2012,2012,1,1,76.5,76.51
USA,0,0,E230,0,1,3560.11,2012,2012,1,2,81.17,81.18
USA,0,0,E230,0,1,3560.11,2012,2012,2,1,76.5,76.51
USA,0,0,E230,0,1,3560.11,2012,2012,2,2,81.17,81.18
USA,0,0,E230,0,1,3560.17,2013,2013,1,1,76.47,76.48
USA,0,0,E230,0,1,3560.17,2013,2013,1,2,81.16,81.17
USA,0,0,E230,0,1,3560.17,2013,2013,2,1,76.47,76.48
USA,0,0,E230,0,1,3560.17,2013,2013,2,2,81.16,81.17
USA,0,0,E230,0,1,3560.24,2014,2014,1,1,76.48,76.49
USA,0,0,E230,0,1,3560.24,2014,2014,1,2,81.19,81.2
USA,0,0,E230,0,1,3560.24,2014,2014,2,1,76.48,76.49
USA,0,0,E230,0,1,3560.24,2014,2014,2,2,81.19,81.2
USA,0,0,E230,0,1,3560.3,2015,2015,1,1,76.32,76.32
USA,0,0,E230,0,1,3560.3,2015,2015,1,2,81.02,81.03
USA,0,0,E230,0,1,3560.3,2015,2015,2,1,76.32,76.32
USA,0,0,E230,0,1,3560.3,2015,2015,2,2,81.02,81.03
USA,0,0,E230,0,1,3561.05,2016,2016,1,1,76.08,76.09
USA,0,0,E230,0,1,3561.05,2016,2016,1,2,80.98,80.98
USA,0,0,E230,0,1,3561.05,2016,2016,2,1,76.08,76.09
USA,0,0,E230,0,1,3561.05,2016,2016,2,2,80.98,80.98
USA,0,0,E230,0,1,3562.05,2017,2017,1,1,76.08,76.09
USA,0,0,E230,0,1,3562.05,2017,2017,1,2,80.98,80.98
USA,0,0,E230,0,1,3562.05,2017,2017,2,1,76.08,76.09
USA,0,0,E230,0,1,3562.05,2017,2017,2,2,80.98,80.98
USA,E230,0,0,0,1,3563.03,2018,2018,1,1,76.2,76.2
USA,E230,0,0,0,1,3563.03,2018,2018,1,2,81.09,81.1
USA,E230,0,0,0,1,3563.03,2018,2018,2,1,76.2,76.2
USA,E230,0,0,0,1,3563.03,2018,2018,2,2,81.09,81.1
USA,0,0,E240,0,1,1610.06,2007,2007,1,1,69.63,69.64
USA,0,0,E240,0,1,1610.06,2007,2007,1,2,76.52,76.55
USA,0,0,E240,0,1,1610.06,2007,2007,2,1,69.63,69.64
USA,0,0,E240,0,1,1610.06,2007,2007,2,2,76.52,76.55
USA,0,0,E240,0,1,1610.12,2008,2008,1,1,70.17,70.18
USA,0,0,E240,0,1,1610.12,2008,2008,1,2,76.9,76.93
USA,0,0,E240,0,1,1610.12,2008,2008,2,1,70.17,70.18
USA,0,0,E240,0,1,1610.12,2008,2008,2,2,76.9,76.93
USA,0,0,E240,0,1,1681.06,2009,2009,1,1,70.7,70.71
USA,0,0,E240,0,1,1681.06,2009,2009,1,2,77.35,77.38
USA,0,0,E240,0,1,1681.06,2009,2009,2,1,70.7,70.71
USA,0,0,E240,0,1,1681.06,2009,2009,2,2,77.35,77.38
USA,0,0,E240,0,1,1707.06,2010,2010,1,1,71.42,71.43
USA,0,0,E240,0,1,1707.06,2010,2010,1,2,77.69,77.72
USA,0,0,E240,0,1,1707.06,2010,2010,2,1,71.42,71.43
USA,0,0,E240,0,1,1707.06,2010,2010,2,2,77.69,77.72
USA,0,0,E240,0,1,1884.06,2011,2011,1,1,71.73,71.74
USA,0,0,E240,0,1,1884.06,2011,2011,1,2,77.83,77.86
USA,0,0,E240,0,1,1884.06,2011,2011,2,1,71.73,71.74
USA,0,0,E240,0,1,1884.06,2011,2011,2,2,77.83,77.86
USA,0,0,E240,0,1,3560.12,2012,2012,1,1,71.91,71.92
USA,0,0,E240,0,1,3560.12,2012,2012,1,2,78.07,78.1
USA,0,0,E240,0,1,3560.12,2012,2012,2,1,71.91,71.92
USA,0,0,E240,0,1,3560.12,2012,2012,2,2,78.07,78.1
USA,0,0,E240,0,1,3560.18,2013,2013,1,1,71.94,71.95
USA,0,0,E240,0,1,3560.18,2013,2013,1,2,78.06,78.09
USA,0,0,E240,0,1,3560.18,2013,2013,2,1,71.94,71.95
USA,0,0,E240,0,1,3560.18,2013,2013,2,2,78.06,78.09
USA,0,0,E240,0,1,3560.25,2014,2014,1,1,72.16,72.18
USA,0,0,E240,0,1,3560.25,2014,2014,1,2,78.16,78.2
USA,0,0,E240,0,1,3560.25,2014,2014,2,1,72.16,72.18
USA,0,0,E240,0,1,3560.25,2014,2014,2,2,78.16,78.2
USA,0,0,E240,0,1,3560.31,2015,2015,1,1,71.87,71.88
USA,0,0,E240,0,1,3560.31,2015,2015,1,2,78.09,78.13
USA,0,0,E240,0,1,3560.31,2015,2015,2,1,71.87,71.88
USA,0,0,E240,0,1,3560.31,2015,2015,2,2,78.09,78.13
USA,0,0,E240,0,1,3561.06,2016,2016,1,1,71.5,71.51
USA,0,0,E240,0,1,3561.06,2016,2016,1,2,78.05,78.08
USA,0,0,E240,0,1,3561.06,2016,2016,2,1,71.5,71.51
USA,0,0,E240,0,1,3561.06,2016,2016,2,2,78.05,78.08
USA,0,0,E240,0,1,3562.06,2017,2017,1,1,71.5,71.51
USA,0,0,E240,0,1,3562.06,2017,2017,1,2,78.05,78.08
USA,0,0,E240,0,1,3562.06,2017,2017,2,1,71.5,71.51
USA,0,0,E240,0,1,3562.06,2017,2017,2,2,78.05,78.08
USA,E240,0,0,0,1,3563.04,2018,2018,1,1,71.28,71.29
USA,E240,0,0,0,1,3563.04,2018,2018,1,2,77.96,77.99
USA,E240,0,0,0,1,3563.04,2018,2018,2,1,71.28,71.29
USA,E240,0,0,0,1,3563.04,2018,2018,2,2,77.96,77.99
